fold_id,role,episode_index,heldout_task_id,heldout_task_index
loco_v1_fold_01_task_00,train,5,0,0
loco_v1_fold_01_task_00,train,6,0,0
loco_v1_fold_01_task_00,train,7,0,0
loco_v1_fold_01_task_00,train,8,0,0
loco_v1_fold_01_task_00,train,9,0,0
loco_v1_fold_01_task_00,train,10,0,0
loco_v1_fold_01_task_00,train,11,0,0
loco_v1_fold_01_task_00,train,12,0,0
loco_v1_fold_01_task_00,train,13,0,0
loco_v1_fold_01_task_00,train,14,0,0
loco_v1_fold_01_task_00,train,15,0,0
loco_v1_fold_01_task_00,train,16,0,0
loco_v1_fold_01_task_00,train,17,0,0
loco_v1_fold_01_task_00,train,18,0,0
loco_v1_fold_01_task_00,train,19,0,0
loco_v1_fold_01_task_00,train,20,0,0
loco_v1_fold_01_task_00,train,21,0,0
loco_v1_fold_01_task_00,train,22,0,0
loco_v1_fold_01_task_00,train,23,0,0
loco_v1_fold_01_task_00,train,24,0,0
loco_v1_fold_01_task_00,train,25,0,0
loco_v1_fold_01_task_00,train,26,0,0
loco_v1_fold_01_task_00,train,27,0,0
loco_v1_fold_01_task_00,train,28,0,0
loco_v1_fold_01_task_00,train,29,0,0
loco_v1_fold_01_task_00,train,30,0,0
loco_v1_fold_01_task_00,train,31,0,0
loco_v1_fold_01_task_00,train,32,0,0
loco_v1_fold_01_task_00,train,33,0,0
loco_v1_fold_01_task_00,train,34,0,0
loco_v1_fold_01_task_00,train,35,0,0
loco_v1_fold_01_task_00,train,36,0,0
loco_v1_fold_01_task_00,train,37,0,0
loco_v1_fold_01_task_00,train,38,0,0
loco_v1_fold_01_task_00,train,39,0,0
loco_v1_fold_01_task_00,train,40,0,0
loco_v1_fold_01_task_00,train,41,0,0
loco_v1_fold_01_task_00,train,42,0,0
loco_v1_fold_01_task_00,train,43,0,0
loco_v1_fold_01_task_00,train,44,0,0
loco_v1_fold_01_task_00,train,45,0,0
loco_v1_fold_01_task_00,train,46,0,0
loco_v1_fold_01_task_00,train,47,0,0
loco_v1_fold_01_task_00,train,48,0,0
loco_v1_fold_01_task_00,train,49,0,0
loco_v1_fold_01_task_00,train,50,0,0
loco_v1_fold_01_task_00,train,51,0,0
loco_v1_fold_01_task_00,train,52,0,0
loco_v1_fold_01_task_00,train,53,0,0
loco_v1_fold_01_task_00,train,54,0,0
loco_v1_fold_01_task_00,train,55,0,0
loco_v1_fold_01_task_00,train,56,0,0
loco_v1_fold_01_task_00,train,57,0,0
loco_v1_fold_01_task_00,train,58,0,0
loco_v1_fold_01_task_00,train,59,0,0
loco_v1_fold_01_task_00,train,60,0,0
loco_v1_fold_01_task_00,train,61,0,0
loco_v1_fold_01_task_00,train,62,0,0
loco_v1_fold_01_task_00,train,63,0,0
loco_v1_fold_01_task_00,train,64,0,0
loco_v1_fold_01_task_00,train,65,0,0
loco_v1_fold_01_task_00,train,66,0,0
loco_v1_fold_01_task_00,train,67,0,0
loco_v1_fold_01_task_00,train,68,0,0
loco_v1_fold_01_task_00,train,69,0,0
loco_v1_fold_01_task_00,train,70,0,0
loco_v1_fold_01_task_00,train,71,0,0
loco_v1_fold_01_task_00,train,72,0,0
loco_v1_fold_01_task_00,train,73,0,0
loco_v1_fold_01_task_00,train,74,0,0
loco_v1_fold_01_task_00,train,75,0,0
loco_v1_fold_01_task_00,train,76,0,0
loco_v1_fold_01_task_00,train,77,0,0
loco_v1_fold_01_task_00,train,78,0,0
loco_v1_fold_01_task_00,train,79,0,0
loco_v1_fold_01_task_00,train,80,0,0
loco_v1_fold_01_task_00,train,81,0,0
loco_v1_fold_01_task_00,train,82,0,0
loco_v1_fold_01_task_00,train,83,0,0
loco_v1_fold_01_task_00,train,84,0,0
loco_v1_fold_01_task_00,train,85,0,0
loco_v1_fold_01_task_00,train,86,0,0
loco_v1_fold_01_task_00,train,87,0,0
loco_v1_fold_01_task_00,train,88,0,0
loco_v1_fold_01_task_00,train,89,0,0
loco_v1_fold_01_task_00,train,90,0,0
loco_v1_fold_01_task_00,train,91,0,0
loco_v1_fold_01_task_00,train,92,0,0
loco_v1_fold_01_task_00,train,93,0,0
loco_v1_fold_01_task_00,train,94,0,0
loco_v1_fold_01_task_00,train,95,0,0
loco_v1_fold_01_task_00,train,96,0,0
loco_v1_fold_01_task_00,train,97,0,0
loco_v1_fold_01_task_00,train,98,0,0
loco_v1_fold_01_task_00,train,99,0,0
loco_v1_fold_01_task_00,train,100,0,0
loco_v1_fold_01_task_00,train,101,0,0
loco_v1_fold_01_task_00,train,102,0,0
loco_v1_fold_01_task_00,train,103,0,0
loco_v1_fold_01_task_00,train,104,0,0
loco_v1_fold_01_task_00,train,105,0,0
loco_v1_fold_01_task_00,train,106,0,0
loco_v1_fold_01_task_00,train,107,0,0
loco_v1_fold_01_task_00,train,108,0,0
loco_v1_fold_01_task_00,train,109,0,0
loco_v1_fold_01_task_00,train,110,0,0
loco_v1_fold_01_task_00,train,111,0,0
loco_v1_fold_01_task_00,train,112,0,0
loco_v1_fold_01_task_00,train,113,0,0
loco_v1_fold_01_task_00,train,114,0,0
loco_v1_fold_01_task_00,train,115,0,0
loco_v1_fold_01_task_00,train,116,0,0
loco_v1_fold_01_task_00,train,117,0,0
loco_v1_fold_01_task_00,train,118,0,0
loco_v1_fold_01_task_00,train,119,0,0
loco_v1_fold_01_task_00,train,120,0,0
loco_v1_fold_01_task_00,train,121,0,0
loco_v1_fold_01_task_00,train,122,0,0
loco_v1_fold_01_task_00,train,123,0,0
loco_v1_fold_01_task_00,train,124,0,0
loco_v1_fold_01_task_00,train,125,0,0
loco_v1_fold_01_task_00,train,126,0,0
loco_v1_fold_01_task_00,train,127,0,0
loco_v1_fold_01_task_00,train,128,0,0
loco_v1_fold_01_task_00,train,129,0,0
loco_v1_fold_01_task_00,train,130,0,0
loco_v1_fold_01_task_00,train,131,0,0
loco_v1_fold_01_task_00,train,132,0,0
loco_v1_fold_01_task_00,train,133,0,0
loco_v1_fold_01_task_00,train,134,0,0
loco_v1_fold_01_task_00,train,135,0,0
loco_v1_fold_01_task_00,train,136,0,0
loco_v1_fold_01_task_00,train,137,0,0
loco_v1_fold_01_task_00,train,138,0,0
loco_v1_fold_01_task_00,train,139,0,0
loco_v1_fold_01_task_00,train,140,0,0
loco_v1_fold_01_task_00,train,141,0,0
loco_v1_fold_01_task_00,train,142,0,0
loco_v1_fold_01_task_00,train,143,0,0
loco_v1_fold_01_task_00,train,144,0,0
loco_v1_fold_01_task_00,train,145,0,0
loco_v1_fold_01_task_00,train,146,0,0
loco_v1_fold_01_task_00,train,147,0,0
loco_v1_fold_01_task_00,train,148,0,0
loco_v1_fold_01_task_00,train,149,0,0
loco_v1_fold_01_task_00,train,150,0,0
loco_v1_fold_01_task_00,train,151,0,0
loco_v1_fold_01_task_00,train,152,0,0
loco_v1_fold_01_task_00,train,153,0,0
loco_v1_fold_01_task_00,train,154,0,0
loco_v1_fold_01_task_00,train,155,0,0
loco_v1_fold_01_task_00,train,156,0,0
loco_v1_fold_01_task_00,train,157,0,0
loco_v1_fold_01_task_00,train,158,0,0
loco_v1_fold_01_task_00,train,159,0,0
loco_v1_fold_01_task_00,heldout,0,0,0
loco_v1_fold_01_task_00,heldout,1,0,0
loco_v1_fold_01_task_00,heldout,2,0,0
loco_v1_fold_01_task_00,heldout,3,0,0
loco_v1_fold_01_task_00,heldout,4,0,0
loco_v1_fold_02_task_04,train,0,4,4
loco_v1_fold_02_task_04,train,1,4,4
loco_v1_fold_02_task_04,train,2,4,4
loco_v1_fold_02_task_04,train,3,4,4
loco_v1_fold_02_task_04,train,4,4,4
loco_v1_fold_02_task_04,train,5,4,4
loco_v1_fold_02_task_04,train,6,4,4
loco_v1_fold_02_task_04,train,7,4,4
loco_v1_fold_02_task_04,train,8,4,4
loco_v1_fold_02_task_04,train,9,4,4
loco_v1_fold_02_task_04,train,10,4,4
loco_v1_fold_02_task_04,train,11,4,4
loco_v1_fold_02_task_04,train,12,4,4
loco_v1_fold_02_task_04,train,13,4,4
loco_v1_fold_02_task_04,train,14,4,4
loco_v1_fold_02_task_04,train,15,4,4
loco_v1_fold_02_task_04,train,16,4,4
loco_v1_fold_02_task_04,train,17,4,4
loco_v1_fold_02_task_04,train,18,4,4
loco_v1_fold_02_task_04,train,19,4,4
loco_v1_fold_02_task_04,train,25,4,4
loco_v1_fold_02_task_04,train,26,4,4
loco_v1_fold_02_task_04,train,27,4,4
loco_v1_fold_02_task_04,train,28,4,4
loco_v1_fold_02_task_04,train,29,4,4
loco_v1_fold_02_task_04,train,30,4,4
loco_v1_fold_02_task_04,train,31,4,4
loco_v1_fold_02_task_04,train,32,4,4
loco_v1_fold_02_task_04,train,33,4,4
loco_v1_fold_02_task_04,train,34,4,4
loco_v1_fold_02_task_04,train,35,4,4
loco_v1_fold_02_task_04,train,36,4,4
loco_v1_fold_02_task_04,train,37,4,4
loco_v1_fold_02_task_04,train,38,4,4
loco_v1_fold_02_task_04,train,39,4,4
loco_v1_fold_02_task_04,train,40,4,4
loco_v1_fold_02_task_04,train,41,4,4
loco_v1_fold_02_task_04,train,42,4,4
loco_v1_fold_02_task_04,train,43,4,4
loco_v1_fold_02_task_04,train,44,4,4
loco_v1_fold_02_task_04,train,45,4,4
loco_v1_fold_02_task_04,train,46,4,4
loco_v1_fold_02_task_04,train,47,4,4
loco_v1_fold_02_task_04,train,48,4,4
loco_v1_fold_02_task_04,train,49,4,4
loco_v1_fold_02_task_04,train,50,4,4
loco_v1_fold_02_task_04,train,51,4,4
loco_v1_fold_02_task_04,train,52,4,4
loco_v1_fold_02_task_04,train,53,4,4
loco_v1_fold_02_task_04,train,54,4,4
loco_v1_fold_02_task_04,train,55,4,4
loco_v1_fold_02_task_04,train,56,4,4
loco_v1_fold_02_task_04,train,57,4,4
loco_v1_fold_02_task_04,train,58,4,4
loco_v1_fold_02_task_04,train,59,4,4
loco_v1_fold_02_task_04,train,60,4,4
loco_v1_fold_02_task_04,train,61,4,4
loco_v1_fold_02_task_04,train,62,4,4
loco_v1_fold_02_task_04,train,63,4,4
loco_v1_fold_02_task_04,train,64,4,4
loco_v1_fold_02_task_04,train,65,4,4
loco_v1_fold_02_task_04,train,66,4,4
loco_v1_fold_02_task_04,train,67,4,4
loco_v1_fold_02_task_04,train,68,4,4
loco_v1_fold_02_task_04,train,69,4,4
loco_v1_fold_02_task_04,train,70,4,4
loco_v1_fold_02_task_04,train,71,4,4
loco_v1_fold_02_task_04,train,72,4,4
loco_v1_fold_02_task_04,train,73,4,4
loco_v1_fold_02_task_04,train,74,4,4
loco_v1_fold_02_task_04,train,75,4,4
loco_v1_fold_02_task_04,train,76,4,4
loco_v1_fold_02_task_04,train,77,4,4
loco_v1_fold_02_task_04,train,78,4,4
loco_v1_fold_02_task_04,train,79,4,4
loco_v1_fold_02_task_04,train,80,4,4
loco_v1_fold_02_task_04,train,81,4,4
loco_v1_fold_02_task_04,train,82,4,4
loco_v1_fold_02_task_04,train,83,4,4
loco_v1_fold_02_task_04,train,84,4,4
loco_v1_fold_02_task_04,train,85,4,4
loco_v1_fold_02_task_04,train,86,4,4
loco_v1_fold_02_task_04,train,87,4,4
loco_v1_fold_02_task_04,train,88,4,4
loco_v1_fold_02_task_04,train,89,4,4
loco_v1_fold_02_task_04,train,90,4,4
loco_v1_fold_02_task_04,train,91,4,4
loco_v1_fold_02_task_04,train,92,4,4
loco_v1_fold_02_task_04,train,93,4,4
loco_v1_fold_02_task_04,train,94,4,4
loco_v1_fold_02_task_04,train,95,4,4
loco_v1_fold_02_task_04,train,96,4,4
loco_v1_fold_02_task_04,train,97,4,4
loco_v1_fold_02_task_04,train,98,4,4
loco_v1_fold_02_task_04,train,99,4,4
loco_v1_fold_02_task_04,train,100,4,4
loco_v1_fold_02_task_04,train,101,4,4
loco_v1_fold_02_task_04,train,102,4,4
loco_v1_fold_02_task_04,train,103,4,4
loco_v1_fold_02_task_04,train,104,4,4
loco_v1_fold_02_task_04,train,105,4,4
loco_v1_fold_02_task_04,train,106,4,4
loco_v1_fold_02_task_04,train,107,4,4
loco_v1_fold_02_task_04,train,108,4,4
loco_v1_fold_02_task_04,train,109,4,4
loco_v1_fold_02_task_04,train,110,4,4
loco_v1_fold_02_task_04,train,111,4,4
loco_v1_fold_02_task_04,train,112,4,4
loco_v1_fold_02_task_04,train,113,4,4
loco_v1_fold_02_task_04,train,114,4,4
loco_v1_fold_02_task_04,train,115,4,4
loco_v1_fold_02_task_04,train,116,4,4
loco_v1_fold_02_task_04,train,117,4,4
loco_v1_fold_02_task_04,train,118,4,4
loco_v1_fold_02_task_04,train,119,4,4
loco_v1_fold_02_task_04,train,120,4,4
loco_v1_fold_02_task_04,train,121,4,4
loco_v1_fold_02_task_04,train,122,4,4
loco_v1_fold_02_task_04,train,123,4,4
loco_v1_fold_02_task_04,train,124,4,4
loco_v1_fold_02_task_04,train,125,4,4
loco_v1_fold_02_task_04,train,126,4,4
loco_v1_fold_02_task_04,train,127,4,4
loco_v1_fold_02_task_04,train,128,4,4
loco_v1_fold_02_task_04,train,129,4,4
loco_v1_fold_02_task_04,train,130,4,4
loco_v1_fold_02_task_04,train,131,4,4
loco_v1_fold_02_task_04,train,132,4,4
loco_v1_fold_02_task_04,train,133,4,4
loco_v1_fold_02_task_04,train,134,4,4
loco_v1_fold_02_task_04,train,135,4,4
loco_v1_fold_02_task_04,train,136,4,4
loco_v1_fold_02_task_04,train,137,4,4
loco_v1_fold_02_task_04,train,138,4,4
loco_v1_fold_02_task_04,train,139,4,4
loco_v1_fold_02_task_04,train,140,4,4
loco_v1_fold_02_task_04,train,141,4,4
loco_v1_fold_02_task_04,train,142,4,4
loco_v1_fold_02_task_04,train,143,4,4
loco_v1_fold_02_task_04,train,144,4,4
loco_v1_fold_02_task_04,train,145,4,4
loco_v1_fold_02_task_04,train,146,4,4
loco_v1_fold_02_task_04,train,147,4,4
loco_v1_fold_02_task_04,train,148,4,4
loco_v1_fold_02_task_04,train,149,4,4
loco_v1_fold_02_task_04,train,150,4,4
loco_v1_fold_02_task_04,train,151,4,4
loco_v1_fold_02_task_04,train,152,4,4
loco_v1_fold_02_task_04,train,153,4,4
loco_v1_fold_02_task_04,train,154,4,4
loco_v1_fold_02_task_04,train,155,4,4
loco_v1_fold_02_task_04,train,156,4,4
loco_v1_fold_02_task_04,train,157,4,4
loco_v1_fold_02_task_04,train,158,4,4
loco_v1_fold_02_task_04,train,159,4,4
loco_v1_fold_02_task_04,heldout,20,4,4
loco_v1_fold_02_task_04,heldout,21,4,4
loco_v1_fold_02_task_04,heldout,22,4,4
loco_v1_fold_02_task_04,heldout,23,4,4
loco_v1_fold_02_task_04,heldout,24,4,4
loco_v1_fold_03_task_11,train,0,11,11
loco_v1_fold_03_task_11,train,1,11,11
loco_v1_fold_03_task_11,train,2,11,11
loco_v1_fold_03_task_11,train,3,11,11
loco_v1_fold_03_task_11,train,4,11,11
loco_v1_fold_03_task_11,train,5,11,11
loco_v1_fold_03_task_11,train,6,11,11
loco_v1_fold_03_task_11,train,7,11,11
loco_v1_fold_03_task_11,train,8,11,11
loco_v1_fold_03_task_11,train,9,11,11
loco_v1_fold_03_task_11,train,10,11,11
loco_v1_fold_03_task_11,train,11,11,11
loco_v1_fold_03_task_11,train,12,11,11
loco_v1_fold_03_task_11,train,13,11,11
loco_v1_fold_03_task_11,train,14,11,11
loco_v1_fold_03_task_11,train,15,11,11
loco_v1_fold_03_task_11,train,16,11,11
loco_v1_fold_03_task_11,train,17,11,11
loco_v1_fold_03_task_11,train,18,11,11
loco_v1_fold_03_task_11,train,19,11,11
loco_v1_fold_03_task_11,train,20,11,11
loco_v1_fold_03_task_11,train,21,11,11
loco_v1_fold_03_task_11,train,22,11,11
loco_v1_fold_03_task_11,train,23,11,11
loco_v1_fold_03_task_11,train,24,11,11
loco_v1_fold_03_task_11,train,25,11,11
loco_v1_fold_03_task_11,train,26,11,11
loco_v1_fold_03_task_11,train,27,11,11
loco_v1_fold_03_task_11,train,28,11,11
loco_v1_fold_03_task_11,train,29,11,11
loco_v1_fold_03_task_11,train,30,11,11
loco_v1_fold_03_task_11,train,31,11,11
loco_v1_fold_03_task_11,train,32,11,11
loco_v1_fold_03_task_11,train,33,11,11
loco_v1_fold_03_task_11,train,34,11,11
loco_v1_fold_03_task_11,train,35,11,11
loco_v1_fold_03_task_11,train,36,11,11
loco_v1_fold_03_task_11,train,37,11,11
loco_v1_fold_03_task_11,train,38,11,11
loco_v1_fold_03_task_11,train,39,11,11
loco_v1_fold_03_task_11,train,40,11,11
loco_v1_fold_03_task_11,train,41,11,11
loco_v1_fold_03_task_11,train,42,11,11
loco_v1_fold_03_task_11,train,43,11,11
loco_v1_fold_03_task_11,train,44,11,11
loco_v1_fold_03_task_11,train,45,11,11
loco_v1_fold_03_task_11,train,46,11,11
loco_v1_fold_03_task_11,train,47,11,11
loco_v1_fold_03_task_11,train,48,11,11
loco_v1_fold_03_task_11,train,49,11,11
loco_v1_fold_03_task_11,train,50,11,11
loco_v1_fold_03_task_11,train,51,11,11
loco_v1_fold_03_task_11,train,52,11,11
loco_v1_fold_03_task_11,train,53,11,11
loco_v1_fold_03_task_11,train,54,11,11
loco_v1_fold_03_task_11,train,60,11,11
loco_v1_fold_03_task_11,train,61,11,11
loco_v1_fold_03_task_11,train,62,11,11
loco_v1_fold_03_task_11,train,63,11,11
loco_v1_fold_03_task_11,train,64,11,11
loco_v1_fold_03_task_11,train,65,11,11
loco_v1_fold_03_task_11,train,66,11,11
loco_v1_fold_03_task_11,train,67,11,11
loco_v1_fold_03_task_11,train,68,11,11
loco_v1_fold_03_task_11,train,69,11,11
loco_v1_fold_03_task_11,train,70,11,11
loco_v1_fold_03_task_11,train,71,11,11
loco_v1_fold_03_task_11,train,72,11,11
loco_v1_fold_03_task_11,train,73,11,11
loco_v1_fold_03_task_11,train,74,11,11
loco_v1_fold_03_task_11,train,75,11,11
loco_v1_fold_03_task_11,train,76,11,11
loco_v1_fold_03_task_11,train,77,11,11
loco_v1_fold_03_task_11,train,78,11,11
loco_v1_fold_03_task_11,train,79,11,11
loco_v1_fold_03_task_11,train,80,11,11
loco_v1_fold_03_task_11,train,81,11,11
loco_v1_fold_03_task_11,train,82,11,11
loco_v1_fold_03_task_11,train,83,11,11
loco_v1_fold_03_task_11,train,84,11,11
loco_v1_fold_03_task_11,train,85,11,11
loco_v1_fold_03_task_11,train,86,11,11
loco_v1_fold_03_task_11,train,87,11,11
loco_v1_fold_03_task_11,train,88,11,11
loco_v1_fold_03_task_11,train,89,11,11
loco_v1_fold_03_task_11,train,90,11,11
loco_v1_fold_03_task_11,train,91,11,11
loco_v1_fold_03_task_11,train,92,11,11
loco_v1_fold_03_task_11,train,93,11,11
loco_v1_fold_03_task_11,train,94,11,11
loco_v1_fold_03_task_11,train,95,11,11
loco_v1_fold_03_task_11,train,96,11,11
loco_v1_fold_03_task_11,train,97,11,11
loco_v1_fold_03_task_11,train,98,11,11
loco_v1_fold_03_task_11,train,99,11,11
loco_v1_fold_03_task_11,train,100,11,11
loco_v1_fold_03_task_11,train,101,11,11
loco_v1_fold_03_task_11,train,102,11,11
loco_v1_fold_03_task_11,train,103,11,11
loco_v1_fold_03_task_11,train,104,11,11
loco_v1_fold_03_task_11,train,105,11,11
loco_v1_fold_03_task_11,train,106,11,11
loco_v1_fold_03_task_11,train,107,11,11
loco_v1_fold_03_task_11,train,108,11,11
loco_v1_fold_03_task_11,train,109,11,11
loco_v1_fold_03_task_11,train,110,11,11
loco_v1_fold_03_task_11,train,111,11,11
loco_v1_fold_03_task_11,train,112,11,11
loco_v1_fold_03_task_11,train,113,11,11
loco_v1_fold_03_task_11,train,114,11,11
loco_v1_fold_03_task_11,train,115,11,11
loco_v1_fold_03_task_11,train,116,11,11
loco_v1_fold_03_task_11,train,117,11,11
loco_v1_fold_03_task_11,train,118,11,11
loco_v1_fold_03_task_11,train,119,11,11
loco_v1_fold_03_task_11,train,120,11,11
loco_v1_fold_03_task_11,train,121,11,11
loco_v1_fold_03_task_11,train,122,11,11
loco_v1_fold_03_task_11,train,123,11,11
loco_v1_fold_03_task_11,train,124,11,11
loco_v1_fold_03_task_11,train,125,11,11
loco_v1_fold_03_task_11,train,126,11,11
loco_v1_fold_03_task_11,train,127,11,11
loco_v1_fold_03_task_11,train,128,11,11
loco_v1_fold_03_task_11,train,129,11,11
loco_v1_fold_03_task_11,train,130,11,11
loco_v1_fold_03_task_11,train,131,11,11
loco_v1_fold_03_task_11,train,132,11,11
loco_v1_fold_03_task_11,train,133,11,11
loco_v1_fold_03_task_11,train,134,11,11
loco_v1_fold_03_task_11,train,135,11,11
loco_v1_fold_03_task_11,train,136,11,11
loco_v1_fold_03_task_11,train,137,11,11
loco_v1_fold_03_task_11,train,138,11,11
loco_v1_fold_03_task_11,train,139,11,11
loco_v1_fold_03_task_11,train,140,11,11
loco_v1_fold_03_task_11,train,141,11,11
loco_v1_fold_03_task_11,train,142,11,11
loco_v1_fold_03_task_11,train,143,11,11
loco_v1_fold_03_task_11,train,144,11,11
loco_v1_fold_03_task_11,train,145,11,11
loco_v1_fold_03_task_11,train,146,11,11
loco_v1_fold_03_task_11,train,147,11,11
loco_v1_fold_03_task_11,train,148,11,11
loco_v1_fold_03_task_11,train,149,11,11
loco_v1_fold_03_task_11,train,150,11,11
loco_v1_fold_03_task_11,train,151,11,11
loco_v1_fold_03_task_11,train,152,11,11
loco_v1_fold_03_task_11,train,153,11,11
loco_v1_fold_03_task_11,train,154,11,11
loco_v1_fold_03_task_11,train,155,11,11
loco_v1_fold_03_task_11,train,156,11,11
loco_v1_fold_03_task_11,train,157,11,11
loco_v1_fold_03_task_11,train,158,11,11
loco_v1_fold_03_task_11,train,159,11,11
loco_v1_fold_03_task_11,heldout,55,11,11
loco_v1_fold_03_task_11,heldout,56,11,11
loco_v1_fold_03_task_11,heldout,57,11,11
loco_v1_fold_03_task_11,heldout,58,11,11
loco_v1_fold_03_task_11,heldout,59,11,11
loco_v1_fold_04_task_16,train,0,16,15
loco_v1_fold_04_task_16,train,1,16,15
loco_v1_fold_04_task_16,train,2,16,15
loco_v1_fold_04_task_16,train,3,16,15
loco_v1_fold_04_task_16,train,4,16,15
loco_v1_fold_04_task_16,train,5,16,15
loco_v1_fold_04_task_16,train,6,16,15
loco_v1_fold_04_task_16,train,7,16,15
loco_v1_fold_04_task_16,train,8,16,15
loco_v1_fold_04_task_16,train,9,16,15
loco_v1_fold_04_task_16,train,10,16,15
loco_v1_fold_04_task_16,train,11,16,15
loco_v1_fold_04_task_16,train,12,16,15
loco_v1_fold_04_task_16,train,13,16,15
loco_v1_fold_04_task_16,train,14,16,15
loco_v1_fold_04_task_16,train,15,16,15
loco_v1_fold_04_task_16,train,16,16,15
loco_v1_fold_04_task_16,train,17,16,15
loco_v1_fold_04_task_16,train,18,16,15
loco_v1_fold_04_task_16,train,19,16,15
loco_v1_fold_04_task_16,train,20,16,15
loco_v1_fold_04_task_16,train,21,16,15
loco_v1_fold_04_task_16,train,22,16,15
loco_v1_fold_04_task_16,train,23,16,15
loco_v1_fold_04_task_16,train,24,16,15
loco_v1_fold_04_task_16,train,25,16,15
loco_v1_fold_04_task_16,train,26,16,15
loco_v1_fold_04_task_16,train,27,16,15
loco_v1_fold_04_task_16,train,28,16,15
loco_v1_fold_04_task_16,train,29,16,15
loco_v1_fold_04_task_16,train,30,16,15
loco_v1_fold_04_task_16,train,31,16,15
loco_v1_fold_04_task_16,train,32,16,15
loco_v1_fold_04_task_16,train,33,16,15
loco_v1_fold_04_task_16,train,34,16,15
loco_v1_fold_04_task_16,train,35,16,15
loco_v1_fold_04_task_16,train,36,16,15
loco_v1_fold_04_task_16,train,37,16,15
loco_v1_fold_04_task_16,train,38,16,15
loco_v1_fold_04_task_16,train,39,16,15
loco_v1_fold_04_task_16,train,40,16,15
loco_v1_fold_04_task_16,train,41,16,15
loco_v1_fold_04_task_16,train,42,16,15
loco_v1_fold_04_task_16,train,43,16,15
loco_v1_fold_04_task_16,train,44,16,15
loco_v1_fold_04_task_16,train,45,16,15
loco_v1_fold_04_task_16,train,46,16,15
loco_v1_fold_04_task_16,train,47,16,15
loco_v1_fold_04_task_16,train,48,16,15
loco_v1_fold_04_task_16,train,49,16,15
loco_v1_fold_04_task_16,train,50,16,15
loco_v1_fold_04_task_16,train,51,16,15
loco_v1_fold_04_task_16,train,52,16,15
loco_v1_fold_04_task_16,train,53,16,15
loco_v1_fold_04_task_16,train,54,16,15
loco_v1_fold_04_task_16,train,55,16,15
loco_v1_fold_04_task_16,train,56,16,15
loco_v1_fold_04_task_16,train,57,16,15
loco_v1_fold_04_task_16,train,58,16,15
loco_v1_fold_04_task_16,train,59,16,15
loco_v1_fold_04_task_16,train,60,16,15
loco_v1_fold_04_task_16,train,61,16,15
loco_v1_fold_04_task_16,train,62,16,15
loco_v1_fold_04_task_16,train,63,16,15
loco_v1_fold_04_task_16,train,64,16,15
loco_v1_fold_04_task_16,train,65,16,15
loco_v1_fold_04_task_16,train,66,16,15
loco_v1_fold_04_task_16,train,67,16,15
loco_v1_fold_04_task_16,train,68,16,15
loco_v1_fold_04_task_16,train,69,16,15
loco_v1_fold_04_task_16,train,70,16,15
loco_v1_fold_04_task_16,train,71,16,15
loco_v1_fold_04_task_16,train,72,16,15
loco_v1_fold_04_task_16,train,73,16,15
loco_v1_fold_04_task_16,train,74,16,15
loco_v1_fold_04_task_16,train,80,16,15
loco_v1_fold_04_task_16,train,81,16,15
loco_v1_fold_04_task_16,train,82,16,15
loco_v1_fold_04_task_16,train,83,16,15
loco_v1_fold_04_task_16,train,84,16,15
loco_v1_fold_04_task_16,train,85,16,15
loco_v1_fold_04_task_16,train,86,16,15
loco_v1_fold_04_task_16,train,87,16,15
loco_v1_fold_04_task_16,train,88,16,15
loco_v1_fold_04_task_16,train,89,16,15
loco_v1_fold_04_task_16,train,90,16,15
loco_v1_fold_04_task_16,train,91,16,15
loco_v1_fold_04_task_16,train,92,16,15
loco_v1_fold_04_task_16,train,93,16,15
loco_v1_fold_04_task_16,train,94,16,15
loco_v1_fold_04_task_16,train,95,16,15
loco_v1_fold_04_task_16,train,96,16,15
loco_v1_fold_04_task_16,train,97,16,15
loco_v1_fold_04_task_16,train,98,16,15
loco_v1_fold_04_task_16,train,99,16,15
loco_v1_fold_04_task_16,train,100,16,15
loco_v1_fold_04_task_16,train,101,16,15
loco_v1_fold_04_task_16,train,102,16,15
loco_v1_fold_04_task_16,train,103,16,15
loco_v1_fold_04_task_16,train,104,16,15
loco_v1_fold_04_task_16,train,105,16,15
loco_v1_fold_04_task_16,train,106,16,15
loco_v1_fold_04_task_16,train,107,16,15
loco_v1_fold_04_task_16,train,108,16,15
loco_v1_fold_04_task_16,train,109,16,15
loco_v1_fold_04_task_16,train,110,16,15
loco_v1_fold_04_task_16,train,111,16,15
loco_v1_fold_04_task_16,train,112,16,15
loco_v1_fold_04_task_16,train,113,16,15
loco_v1_fold_04_task_16,train,114,16,15
loco_v1_fold_04_task_16,train,115,16,15
loco_v1_fold_04_task_16,train,116,16,15
loco_v1_fold_04_task_16,train,117,16,15
loco_v1_fold_04_task_16,train,118,16,15
loco_v1_fold_04_task_16,train,119,16,15
loco_v1_fold_04_task_16,train,120,16,15
loco_v1_fold_04_task_16,train,121,16,15
loco_v1_fold_04_task_16,train,122,16,15
loco_v1_fold_04_task_16,train,123,16,15
loco_v1_fold_04_task_16,train,124,16,15
loco_v1_fold_04_task_16,train,125,16,15
loco_v1_fold_04_task_16,train,126,16,15
loco_v1_fold_04_task_16,train,127,16,15
loco_v1_fold_04_task_16,train,128,16,15
loco_v1_fold_04_task_16,train,129,16,15
loco_v1_fold_04_task_16,train,130,16,15
loco_v1_fold_04_task_16,train,131,16,15
loco_v1_fold_04_task_16,train,132,16,15
loco_v1_fold_04_task_16,train,133,16,15
loco_v1_fold_04_task_16,train,134,16,15
loco_v1_fold_04_task_16,train,135,16,15
loco_v1_fold_04_task_16,train,136,16,15
loco_v1_fold_04_task_16,train,137,16,15
loco_v1_fold_04_task_16,train,138,16,15
loco_v1_fold_04_task_16,train,139,16,15
loco_v1_fold_04_task_16,train,140,16,15
loco_v1_fold_04_task_16,train,141,16,15
loco_v1_fold_04_task_16,train,142,16,15
loco_v1_fold_04_task_16,train,143,16,15
loco_v1_fold_04_task_16,train,144,16,15
loco_v1_fold_04_task_16,train,145,16,15
loco_v1_fold_04_task_16,train,146,16,15
loco_v1_fold_04_task_16,train,147,16,15
loco_v1_fold_04_task_16,train,148,16,15
loco_v1_fold_04_task_16,train,149,16,15
loco_v1_fold_04_task_16,train,150,16,15
loco_v1_fold_04_task_16,train,151,16,15
loco_v1_fold_04_task_16,train,152,16,15
loco_v1_fold_04_task_16,train,153,16,15
loco_v1_fold_04_task_16,train,154,16,15
loco_v1_fold_04_task_16,train,155,16,15
loco_v1_fold_04_task_16,train,156,16,15
loco_v1_fold_04_task_16,train,157,16,15
loco_v1_fold_04_task_16,train,158,16,15
loco_v1_fold_04_task_16,train,159,16,15
loco_v1_fold_04_task_16,heldout,75,16,15
loco_v1_fold_04_task_16,heldout,76,16,15
loco_v1_fold_04_task_16,heldout,77,16,15
loco_v1_fold_04_task_16,heldout,78,16,15
loco_v1_fold_04_task_16,heldout,79,16,15
loco_v1_fold_05_task_21,train,0,21,19
loco_v1_fold_05_task_21,train,1,21,19
loco_v1_fold_05_task_21,train,2,21,19
loco_v1_fold_05_task_21,train,3,21,19
loco_v1_fold_05_task_21,train,4,21,19
loco_v1_fold_05_task_21,train,5,21,19
loco_v1_fold_05_task_21,train,6,21,19
loco_v1_fold_05_task_21,train,7,21,19
loco_v1_fold_05_task_21,train,8,21,19
loco_v1_fold_05_task_21,train,9,21,19
loco_v1_fold_05_task_21,train,10,21,19
loco_v1_fold_05_task_21,train,11,21,19
loco_v1_fold_05_task_21,train,12,21,19
loco_v1_fold_05_task_21,train,13,21,19
loco_v1_fold_05_task_21,train,14,21,19
loco_v1_fold_05_task_21,train,15,21,19
loco_v1_fold_05_task_21,train,16,21,19
loco_v1_fold_05_task_21,train,17,21,19
loco_v1_fold_05_task_21,train,18,21,19
loco_v1_fold_05_task_21,train,19,21,19
loco_v1_fold_05_task_21,train,20,21,19
loco_v1_fold_05_task_21,train,21,21,19
loco_v1_fold_05_task_21,train,22,21,19
loco_v1_fold_05_task_21,train,23,21,19
loco_v1_fold_05_task_21,train,24,21,19
loco_v1_fold_05_task_21,train,25,21,19
loco_v1_fold_05_task_21,train,26,21,19
loco_v1_fold_05_task_21,train,27,21,19
loco_v1_fold_05_task_21,train,28,21,19
loco_v1_fold_05_task_21,train,29,21,19
loco_v1_fold_05_task_21,train,30,21,19
loco_v1_fold_05_task_21,train,31,21,19
loco_v1_fold_05_task_21,train,32,21,19
loco_v1_fold_05_task_21,train,33,21,19
loco_v1_fold_05_task_21,train,34,21,19
loco_v1_fold_05_task_21,train,35,21,19
loco_v1_fold_05_task_21,train,36,21,19
loco_v1_fold_05_task_21,train,37,21,19
loco_v1_fold_05_task_21,train,38,21,19
loco_v1_fold_05_task_21,train,39,21,19
loco_v1_fold_05_task_21,train,40,21,19
loco_v1_fold_05_task_21,train,41,21,19
loco_v1_fold_05_task_21,train,42,21,19
loco_v1_fold_05_task_21,train,43,21,19
loco_v1_fold_05_task_21,train,44,21,19
loco_v1_fold_05_task_21,train,45,21,19
loco_v1_fold_05_task_21,train,46,21,19
loco_v1_fold_05_task_21,train,47,21,19
loco_v1_fold_05_task_21,train,48,21,19
loco_v1_fold_05_task_21,train,49,21,19
loco_v1_fold_05_task_21,train,50,21,19
loco_v1_fold_05_task_21,train,51,21,19
loco_v1_fold_05_task_21,train,52,21,19
loco_v1_fold_05_task_21,train,53,21,19
loco_v1_fold_05_task_21,train,54,21,19
loco_v1_fold_05_task_21,train,55,21,19
loco_v1_fold_05_task_21,train,56,21,19
loco_v1_fold_05_task_21,train,57,21,19
loco_v1_fold_05_task_21,train,58,21,19
loco_v1_fold_05_task_21,train,59,21,19
loco_v1_fold_05_task_21,train,60,21,19
loco_v1_fold_05_task_21,train,61,21,19
loco_v1_fold_05_task_21,train,62,21,19
loco_v1_fold_05_task_21,train,63,21,19
loco_v1_fold_05_task_21,train,64,21,19
loco_v1_fold_05_task_21,train,65,21,19
loco_v1_fold_05_task_21,train,66,21,19
loco_v1_fold_05_task_21,train,67,21,19
loco_v1_fold_05_task_21,train,68,21,19
loco_v1_fold_05_task_21,train,69,21,19
loco_v1_fold_05_task_21,train,70,21,19
loco_v1_fold_05_task_21,train,71,21,19
loco_v1_fold_05_task_21,train,72,21,19
loco_v1_fold_05_task_21,train,73,21,19
loco_v1_fold_05_task_21,train,74,21,19
loco_v1_fold_05_task_21,train,75,21,19
loco_v1_fold_05_task_21,train,76,21,19
loco_v1_fold_05_task_21,train,77,21,19
loco_v1_fold_05_task_21,train,78,21,19
loco_v1_fold_05_task_21,train,79,21,19
loco_v1_fold_05_task_21,train,80,21,19
loco_v1_fold_05_task_21,train,81,21,19
loco_v1_fold_05_task_21,train,82,21,19
loco_v1_fold_05_task_21,train,83,21,19
loco_v1_fold_05_task_21,train,84,21,19
loco_v1_fold_05_task_21,train,85,21,19
loco_v1_fold_05_task_21,train,86,21,19
loco_v1_fold_05_task_21,train,87,21,19
loco_v1_fold_05_task_21,train,88,21,19
loco_v1_fold_05_task_21,train,89,21,19
loco_v1_fold_05_task_21,train,90,21,19
loco_v1_fold_05_task_21,train,91,21,19
loco_v1_fold_05_task_21,train,92,21,19
loco_v1_fold_05_task_21,train,93,21,19
loco_v1_fold_05_task_21,train,94,21,19
loco_v1_fold_05_task_21,train,100,21,19
loco_v1_fold_05_task_21,train,101,21,19
loco_v1_fold_05_task_21,train,102,21,19
loco_v1_fold_05_task_21,train,103,21,19
loco_v1_fold_05_task_21,train,104,21,19
loco_v1_fold_05_task_21,train,105,21,19
loco_v1_fold_05_task_21,train,106,21,19
loco_v1_fold_05_task_21,train,107,21,19
loco_v1_fold_05_task_21,train,108,21,19
loco_v1_fold_05_task_21,train,109,21,19
loco_v1_fold_05_task_21,train,110,21,19
loco_v1_fold_05_task_21,train,111,21,19
loco_v1_fold_05_task_21,train,112,21,19
loco_v1_fold_05_task_21,train,113,21,19
loco_v1_fold_05_task_21,train,114,21,19
loco_v1_fold_05_task_21,train,115,21,19
loco_v1_fold_05_task_21,train,116,21,19
loco_v1_fold_05_task_21,train,117,21,19
loco_v1_fold_05_task_21,train,118,21,19
loco_v1_fold_05_task_21,train,119,21,19
loco_v1_fold_05_task_21,train,120,21,19
loco_v1_fold_05_task_21,train,121,21,19
loco_v1_fold_05_task_21,train,122,21,19
loco_v1_fold_05_task_21,train,123,21,19
loco_v1_fold_05_task_21,train,124,21,19
loco_v1_fold_05_task_21,train,125,21,19
loco_v1_fold_05_task_21,train,126,21,19
loco_v1_fold_05_task_21,train,127,21,19
loco_v1_fold_05_task_21,train,128,21,19
loco_v1_fold_05_task_21,train,129,21,19
loco_v1_fold_05_task_21,train,130,21,19
loco_v1_fold_05_task_21,train,131,21,19
loco_v1_fold_05_task_21,train,132,21,19
loco_v1_fold_05_task_21,train,133,21,19
loco_v1_fold_05_task_21,train,134,21,19
loco_v1_fold_05_task_21,train,135,21,19
loco_v1_fold_05_task_21,train,136,21,19
loco_v1_fold_05_task_21,train,137,21,19
loco_v1_fold_05_task_21,train,138,21,19
loco_v1_fold_05_task_21,train,139,21,19
loco_v1_fold_05_task_21,train,140,21,19
loco_v1_fold_05_task_21,train,141,21,19
loco_v1_fold_05_task_21,train,142,21,19
loco_v1_fold_05_task_21,train,143,21,19
loco_v1_fold_05_task_21,train,144,21,19
loco_v1_fold_05_task_21,train,145,21,19
loco_v1_fold_05_task_21,train,146,21,19
loco_v1_fold_05_task_21,train,147,21,19
loco_v1_fold_05_task_21,train,148,21,19
loco_v1_fold_05_task_21,train,149,21,19
loco_v1_fold_05_task_21,train,150,21,19
loco_v1_fold_05_task_21,train,151,21,19
loco_v1_fold_05_task_21,train,152,21,19
loco_v1_fold_05_task_21,train,153,21,19
loco_v1_fold_05_task_21,train,154,21,19
loco_v1_fold_05_task_21,train,155,21,19
loco_v1_fold_05_task_21,train,156,21,19
loco_v1_fold_05_task_21,train,157,21,19
loco_v1_fold_05_task_21,train,158,21,19
loco_v1_fold_05_task_21,train,159,21,19
loco_v1_fold_05_task_21,heldout,95,21,19
loco_v1_fold_05_task_21,heldout,96,21,19
loco_v1_fold_05_task_21,heldout,97,21,19
loco_v1_fold_05_task_21,heldout,98,21,19
loco_v1_fold_05_task_21,heldout,99,21,19
loco_v1_fold_06_task_26,train,0,26,24
loco_v1_fold_06_task_26,train,1,26,24
loco_v1_fold_06_task_26,train,2,26,24
loco_v1_fold_06_task_26,train,3,26,24
loco_v1_fold_06_task_26,train,4,26,24
loco_v1_fold_06_task_26,train,5,26,24
loco_v1_fold_06_task_26,train,6,26,24
loco_v1_fold_06_task_26,train,7,26,24
loco_v1_fold_06_task_26,train,8,26,24
loco_v1_fold_06_task_26,train,9,26,24
loco_v1_fold_06_task_26,train,10,26,24
loco_v1_fold_06_task_26,train,11,26,24
loco_v1_fold_06_task_26,train,12,26,24
loco_v1_fold_06_task_26,train,13,26,24
loco_v1_fold_06_task_26,train,14,26,24
loco_v1_fold_06_task_26,train,15,26,24
loco_v1_fold_06_task_26,train,16,26,24
loco_v1_fold_06_task_26,train,17,26,24
loco_v1_fold_06_task_26,train,18,26,24
loco_v1_fold_06_task_26,train,19,26,24
loco_v1_fold_06_task_26,train,20,26,24
loco_v1_fold_06_task_26,train,21,26,24
loco_v1_fold_06_task_26,train,22,26,24
loco_v1_fold_06_task_26,train,23,26,24
loco_v1_fold_06_task_26,train,24,26,24
loco_v1_fold_06_task_26,train,25,26,24
loco_v1_fold_06_task_26,train,26,26,24
loco_v1_fold_06_task_26,train,27,26,24
loco_v1_fold_06_task_26,train,28,26,24
loco_v1_fold_06_task_26,train,29,26,24
loco_v1_fold_06_task_26,train,30,26,24
loco_v1_fold_06_task_26,train,31,26,24
loco_v1_fold_06_task_26,train,32,26,24
loco_v1_fold_06_task_26,train,33,26,24
loco_v1_fold_06_task_26,train,34,26,24
loco_v1_fold_06_task_26,train,35,26,24
loco_v1_fold_06_task_26,train,36,26,24
loco_v1_fold_06_task_26,train,37,26,24
loco_v1_fold_06_task_26,train,38,26,24
loco_v1_fold_06_task_26,train,39,26,24
loco_v1_fold_06_task_26,train,40,26,24
loco_v1_fold_06_task_26,train,41,26,24
loco_v1_fold_06_task_26,train,42,26,24
loco_v1_fold_06_task_26,train,43,26,24
loco_v1_fold_06_task_26,train,44,26,24
loco_v1_fold_06_task_26,train,45,26,24
loco_v1_fold_06_task_26,train,46,26,24
loco_v1_fold_06_task_26,train,47,26,24
loco_v1_fold_06_task_26,train,48,26,24
loco_v1_fold_06_task_26,train,49,26,24
loco_v1_fold_06_task_26,train,50,26,24
loco_v1_fold_06_task_26,train,51,26,24
loco_v1_fold_06_task_26,train,52,26,24
loco_v1_fold_06_task_26,train,53,26,24
loco_v1_fold_06_task_26,train,54,26,24
loco_v1_fold_06_task_26,train,55,26,24
loco_v1_fold_06_task_26,train,56,26,24
loco_v1_fold_06_task_26,train,57,26,24
loco_v1_fold_06_task_26,train,58,26,24
loco_v1_fold_06_task_26,train,59,26,24
loco_v1_fold_06_task_26,train,60,26,24
loco_v1_fold_06_task_26,train,61,26,24
loco_v1_fold_06_task_26,train,62,26,24
loco_v1_fold_06_task_26,train,63,26,24
loco_v1_fold_06_task_26,train,64,26,24
loco_v1_fold_06_task_26,train,65,26,24
loco_v1_fold_06_task_26,train,66,26,24
loco_v1_fold_06_task_26,train,67,26,24
loco_v1_fold_06_task_26,train,68,26,24
loco_v1_fold_06_task_26,train,69,26,24
loco_v1_fold_06_task_26,train,70,26,24
loco_v1_fold_06_task_26,train,71,26,24
loco_v1_fold_06_task_26,train,72,26,24
loco_v1_fold_06_task_26,train,73,26,24
loco_v1_fold_06_task_26,train,74,26,24
loco_v1_fold_06_task_26,train,75,26,24
loco_v1_fold_06_task_26,train,76,26,24
loco_v1_fold_06_task_26,train,77,26,24
loco_v1_fold_06_task_26,train,78,26,24
loco_v1_fold_06_task_26,train,79,26,24
loco_v1_fold_06_task_26,train,80,26,24
loco_v1_fold_06_task_26,train,81,26,24
loco_v1_fold_06_task_26,train,82,26,24
loco_v1_fold_06_task_26,train,83,26,24
loco_v1_fold_06_task_26,train,84,26,24
loco_v1_fold_06_task_26,train,85,26,24
loco_v1_fold_06_task_26,train,86,26,24
loco_v1_fold_06_task_26,train,87,26,24
loco_v1_fold_06_task_26,train,88,26,24
loco_v1_fold_06_task_26,train,89,26,24
loco_v1_fold_06_task_26,train,90,26,24
loco_v1_fold_06_task_26,train,91,26,24
loco_v1_fold_06_task_26,train,92,26,24
loco_v1_fold_06_task_26,train,93,26,24
loco_v1_fold_06_task_26,train,94,26,24
loco_v1_fold_06_task_26,train,95,26,24
loco_v1_fold_06_task_26,train,96,26,24
loco_v1_fold_06_task_26,train,97,26,24
loco_v1_fold_06_task_26,train,98,26,24
loco_v1_fold_06_task_26,train,99,26,24
loco_v1_fold_06_task_26,train,100,26,24
loco_v1_fold_06_task_26,train,101,26,24
loco_v1_fold_06_task_26,train,102,26,24
loco_v1_fold_06_task_26,train,103,26,24
loco_v1_fold_06_task_26,train,104,26,24
loco_v1_fold_06_task_26,train,105,26,24
loco_v1_fold_06_task_26,train,106,26,24
loco_v1_fold_06_task_26,train,107,26,24
loco_v1_fold_06_task_26,train,108,26,24
loco_v1_fold_06_task_26,train,109,26,24
loco_v1_fold_06_task_26,train,110,26,24
loco_v1_fold_06_task_26,train,111,26,24
loco_v1_fold_06_task_26,train,112,26,24
loco_v1_fold_06_task_26,train,113,26,24
loco_v1_fold_06_task_26,train,114,26,24
loco_v1_fold_06_task_26,train,115,26,24
loco_v1_fold_06_task_26,train,116,26,24
loco_v1_fold_06_task_26,train,117,26,24
loco_v1_fold_06_task_26,train,118,26,24
loco_v1_fold_06_task_26,train,119,26,24
loco_v1_fold_06_task_26,train,125,26,24
loco_v1_fold_06_task_26,train,126,26,24
loco_v1_fold_06_task_26,train,127,26,24
loco_v1_fold_06_task_26,train,128,26,24
loco_v1_fold_06_task_26,train,129,26,24
loco_v1_fold_06_task_26,train,130,26,24
loco_v1_fold_06_task_26,train,131,26,24
loco_v1_fold_06_task_26,train,132,26,24
loco_v1_fold_06_task_26,train,133,26,24
loco_v1_fold_06_task_26,train,134,26,24
loco_v1_fold_06_task_26,train,135,26,24
loco_v1_fold_06_task_26,train,136,26,24
loco_v1_fold_06_task_26,train,137,26,24
loco_v1_fold_06_task_26,train,138,26,24
loco_v1_fold_06_task_26,train,139,26,24
loco_v1_fold_06_task_26,train,140,26,24
loco_v1_fold_06_task_26,train,141,26,24
loco_v1_fold_06_task_26,train,142,26,24
loco_v1_fold_06_task_26,train,143,26,24
loco_v1_fold_06_task_26,train,144,26,24
loco_v1_fold_06_task_26,train,145,26,24
loco_v1_fold_06_task_26,train,146,26,24
loco_v1_fold_06_task_26,train,147,26,24
loco_v1_fold_06_task_26,train,148,26,24
loco_v1_fold_06_task_26,train,149,26,24
loco_v1_fold_06_task_26,train,150,26,24
loco_v1_fold_06_task_26,train,151,26,24
loco_v1_fold_06_task_26,train,152,26,24
loco_v1_fold_06_task_26,train,153,26,24
loco_v1_fold_06_task_26,train,154,26,24
loco_v1_fold_06_task_26,train,155,26,24
loco_v1_fold_06_task_26,train,156,26,24
loco_v1_fold_06_task_26,train,157,26,24
loco_v1_fold_06_task_26,train,158,26,24
loco_v1_fold_06_task_26,train,159,26,24
loco_v1_fold_06_task_26,heldout,120,26,24
loco_v1_fold_06_task_26,heldout,121,26,24
loco_v1_fold_06_task_26,heldout,122,26,24
loco_v1_fold_06_task_26,heldout,123,26,24
loco_v1_fold_06_task_26,heldout,124,26,24
loco_v1_fold_07_task_29,train,0,29,27
loco_v1_fold_07_task_29,train,1,29,27
loco_v1_fold_07_task_29,train,2,29,27
loco_v1_fold_07_task_29,train,3,29,27
loco_v1_fold_07_task_29,train,4,29,27
loco_v1_fold_07_task_29,train,5,29,27
loco_v1_fold_07_task_29,train,6,29,27
loco_v1_fold_07_task_29,train,7,29,27
loco_v1_fold_07_task_29,train,8,29,27
loco_v1_fold_07_task_29,train,9,29,27
loco_v1_fold_07_task_29,train,10,29,27
loco_v1_fold_07_task_29,train,11,29,27
loco_v1_fold_07_task_29,train,12,29,27
loco_v1_fold_07_task_29,train,13,29,27
loco_v1_fold_07_task_29,train,14,29,27
loco_v1_fold_07_task_29,train,15,29,27
loco_v1_fold_07_task_29,train,16,29,27
loco_v1_fold_07_task_29,train,17,29,27
loco_v1_fold_07_task_29,train,18,29,27
loco_v1_fold_07_task_29,train,19,29,27
loco_v1_fold_07_task_29,train,20,29,27
loco_v1_fold_07_task_29,train,21,29,27
loco_v1_fold_07_task_29,train,22,29,27
loco_v1_fold_07_task_29,train,23,29,27
loco_v1_fold_07_task_29,train,24,29,27
loco_v1_fold_07_task_29,train,25,29,27
loco_v1_fold_07_task_29,train,26,29,27
loco_v1_fold_07_task_29,train,27,29,27
loco_v1_fold_07_task_29,train,28,29,27
loco_v1_fold_07_task_29,train,29,29,27
loco_v1_fold_07_task_29,train,30,29,27
loco_v1_fold_07_task_29,train,31,29,27
loco_v1_fold_07_task_29,train,32,29,27
loco_v1_fold_07_task_29,train,33,29,27
loco_v1_fold_07_task_29,train,34,29,27
loco_v1_fold_07_task_29,train,35,29,27
loco_v1_fold_07_task_29,train,36,29,27
loco_v1_fold_07_task_29,train,37,29,27
loco_v1_fold_07_task_29,train,38,29,27
loco_v1_fold_07_task_29,train,39,29,27
loco_v1_fold_07_task_29,train,40,29,27
loco_v1_fold_07_task_29,train,41,29,27
loco_v1_fold_07_task_29,train,42,29,27
loco_v1_fold_07_task_29,train,43,29,27
loco_v1_fold_07_task_29,train,44,29,27
loco_v1_fold_07_task_29,train,45,29,27
loco_v1_fold_07_task_29,train,46,29,27
loco_v1_fold_07_task_29,train,47,29,27
loco_v1_fold_07_task_29,train,48,29,27
loco_v1_fold_07_task_29,train,49,29,27
loco_v1_fold_07_task_29,train,50,29,27
loco_v1_fold_07_task_29,train,51,29,27
loco_v1_fold_07_task_29,train,52,29,27
loco_v1_fold_07_task_29,train,53,29,27
loco_v1_fold_07_task_29,train,54,29,27
loco_v1_fold_07_task_29,train,55,29,27
loco_v1_fold_07_task_29,train,56,29,27
loco_v1_fold_07_task_29,train,57,29,27
loco_v1_fold_07_task_29,train,58,29,27
loco_v1_fold_07_task_29,train,59,29,27
loco_v1_fold_07_task_29,train,60,29,27
loco_v1_fold_07_task_29,train,61,29,27
loco_v1_fold_07_task_29,train,62,29,27
loco_v1_fold_07_task_29,train,63,29,27
loco_v1_fold_07_task_29,train,64,29,27
loco_v1_fold_07_task_29,train,65,29,27
loco_v1_fold_07_task_29,train,66,29,27
loco_v1_fold_07_task_29,train,67,29,27
loco_v1_fold_07_task_29,train,68,29,27
loco_v1_fold_07_task_29,train,69,29,27
loco_v1_fold_07_task_29,train,70,29,27
loco_v1_fold_07_task_29,train,71,29,27
loco_v1_fold_07_task_29,train,72,29,27
loco_v1_fold_07_task_29,train,73,29,27
loco_v1_fold_07_task_29,train,74,29,27
loco_v1_fold_07_task_29,train,75,29,27
loco_v1_fold_07_task_29,train,76,29,27
loco_v1_fold_07_task_29,train,77,29,27
loco_v1_fold_07_task_29,train,78,29,27
loco_v1_fold_07_task_29,train,79,29,27
loco_v1_fold_07_task_29,train,80,29,27
loco_v1_fold_07_task_29,train,81,29,27
loco_v1_fold_07_task_29,train,82,29,27
loco_v1_fold_07_task_29,train,83,29,27
loco_v1_fold_07_task_29,train,84,29,27
loco_v1_fold_07_task_29,train,85,29,27
loco_v1_fold_07_task_29,train,86,29,27
loco_v1_fold_07_task_29,train,87,29,27
loco_v1_fold_07_task_29,train,88,29,27
loco_v1_fold_07_task_29,train,89,29,27
loco_v1_fold_07_task_29,train,90,29,27
loco_v1_fold_07_task_29,train,91,29,27
loco_v1_fold_07_task_29,train,92,29,27
loco_v1_fold_07_task_29,train,93,29,27
loco_v1_fold_07_task_29,train,94,29,27
loco_v1_fold_07_task_29,train,95,29,27
loco_v1_fold_07_task_29,train,96,29,27
loco_v1_fold_07_task_29,train,97,29,27
loco_v1_fold_07_task_29,train,98,29,27
loco_v1_fold_07_task_29,train,99,29,27
loco_v1_fold_07_task_29,train,100,29,27
loco_v1_fold_07_task_29,train,101,29,27
loco_v1_fold_07_task_29,train,102,29,27
loco_v1_fold_07_task_29,train,103,29,27
loco_v1_fold_07_task_29,train,104,29,27
loco_v1_fold_07_task_29,train,105,29,27
loco_v1_fold_07_task_29,train,106,29,27
loco_v1_fold_07_task_29,train,107,29,27
loco_v1_fold_07_task_29,train,108,29,27
loco_v1_fold_07_task_29,train,109,29,27
loco_v1_fold_07_task_29,train,110,29,27
loco_v1_fold_07_task_29,train,111,29,27
loco_v1_fold_07_task_29,train,112,29,27
loco_v1_fold_07_task_29,train,113,29,27
loco_v1_fold_07_task_29,train,114,29,27
loco_v1_fold_07_task_29,train,115,29,27
loco_v1_fold_07_task_29,train,116,29,27
loco_v1_fold_07_task_29,train,117,29,27
loco_v1_fold_07_task_29,train,118,29,27
loco_v1_fold_07_task_29,train,119,29,27
loco_v1_fold_07_task_29,train,120,29,27
loco_v1_fold_07_task_29,train,121,29,27
loco_v1_fold_07_task_29,train,122,29,27
loco_v1_fold_07_task_29,train,123,29,27
loco_v1_fold_07_task_29,train,124,29,27
loco_v1_fold_07_task_29,train,125,29,27
loco_v1_fold_07_task_29,train,126,29,27
loco_v1_fold_07_task_29,train,127,29,27
loco_v1_fold_07_task_29,train,128,29,27
loco_v1_fold_07_task_29,train,129,29,27
loco_v1_fold_07_task_29,train,130,29,27
loco_v1_fold_07_task_29,train,131,29,27
loco_v1_fold_07_task_29,train,132,29,27
loco_v1_fold_07_task_29,train,133,29,27
loco_v1_fold_07_task_29,train,134,29,27
loco_v1_fold_07_task_29,train,140,29,27
loco_v1_fold_07_task_29,train,141,29,27
loco_v1_fold_07_task_29,train,142,29,27
loco_v1_fold_07_task_29,train,143,29,27
loco_v1_fold_07_task_29,train,144,29,27
loco_v1_fold_07_task_29,train,145,29,27
loco_v1_fold_07_task_29,train,146,29,27
loco_v1_fold_07_task_29,train,147,29,27
loco_v1_fold_07_task_29,train,148,29,27
loco_v1_fold_07_task_29,train,149,29,27
loco_v1_fold_07_task_29,train,150,29,27
loco_v1_fold_07_task_29,train,151,29,27
loco_v1_fold_07_task_29,train,152,29,27
loco_v1_fold_07_task_29,train,153,29,27
loco_v1_fold_07_task_29,train,154,29,27
loco_v1_fold_07_task_29,train,155,29,27
loco_v1_fold_07_task_29,train,156,29,27
loco_v1_fold_07_task_29,train,157,29,27
loco_v1_fold_07_task_29,train,158,29,27
loco_v1_fold_07_task_29,train,159,29,27
loco_v1_fold_07_task_29,heldout,135,29,27
loco_v1_fold_07_task_29,heldout,136,29,27
loco_v1_fold_07_task_29,heldout,137,29,27
loco_v1_fold_07_task_29,heldout,138,29,27
loco_v1_fold_07_task_29,heldout,139,29,27
loco_v1_fold_08_task_34,train,0,34,31
loco_v1_fold_08_task_34,train,1,34,31
loco_v1_fold_08_task_34,train,2,34,31
loco_v1_fold_08_task_34,train,3,34,31
loco_v1_fold_08_task_34,train,4,34,31
loco_v1_fold_08_task_34,train,5,34,31
loco_v1_fold_08_task_34,train,6,34,31
loco_v1_fold_08_task_34,train,7,34,31
loco_v1_fold_08_task_34,train,8,34,31
loco_v1_fold_08_task_34,train,9,34,31
loco_v1_fold_08_task_34,train,10,34,31
loco_v1_fold_08_task_34,train,11,34,31
loco_v1_fold_08_task_34,train,12,34,31
loco_v1_fold_08_task_34,train,13,34,31
loco_v1_fold_08_task_34,train,14,34,31
loco_v1_fold_08_task_34,train,15,34,31
loco_v1_fold_08_task_34,train,16,34,31
loco_v1_fold_08_task_34,train,17,34,31
loco_v1_fold_08_task_34,train,18,34,31
loco_v1_fold_08_task_34,train,19,34,31
loco_v1_fold_08_task_34,train,20,34,31
loco_v1_fold_08_task_34,train,21,34,31
loco_v1_fold_08_task_34,train,22,34,31
loco_v1_fold_08_task_34,train,23,34,31
loco_v1_fold_08_task_34,train,24,34,31
loco_v1_fold_08_task_34,train,25,34,31
loco_v1_fold_08_task_34,train,26,34,31
loco_v1_fold_08_task_34,train,27,34,31
loco_v1_fold_08_task_34,train,28,34,31
loco_v1_fold_08_task_34,train,29,34,31
loco_v1_fold_08_task_34,train,30,34,31
loco_v1_fold_08_task_34,train,31,34,31
loco_v1_fold_08_task_34,train,32,34,31
loco_v1_fold_08_task_34,train,33,34,31
loco_v1_fold_08_task_34,train,34,34,31
loco_v1_fold_08_task_34,train,35,34,31
loco_v1_fold_08_task_34,train,36,34,31
loco_v1_fold_08_task_34,train,37,34,31
loco_v1_fold_08_task_34,train,38,34,31
loco_v1_fold_08_task_34,train,39,34,31
loco_v1_fold_08_task_34,train,40,34,31
loco_v1_fold_08_task_34,train,41,34,31
loco_v1_fold_08_task_34,train,42,34,31
loco_v1_fold_08_task_34,train,43,34,31
loco_v1_fold_08_task_34,train,44,34,31
loco_v1_fold_08_task_34,train,45,34,31
loco_v1_fold_08_task_34,train,46,34,31
loco_v1_fold_08_task_34,train,47,34,31
loco_v1_fold_08_task_34,train,48,34,31
loco_v1_fold_08_task_34,train,49,34,31
loco_v1_fold_08_task_34,train,50,34,31
loco_v1_fold_08_task_34,train,51,34,31
loco_v1_fold_08_task_34,train,52,34,31
loco_v1_fold_08_task_34,train,53,34,31
loco_v1_fold_08_task_34,train,54,34,31
loco_v1_fold_08_task_34,train,55,34,31
loco_v1_fold_08_task_34,train,56,34,31
loco_v1_fold_08_task_34,train,57,34,31
loco_v1_fold_08_task_34,train,58,34,31
loco_v1_fold_08_task_34,train,59,34,31
loco_v1_fold_08_task_34,train,60,34,31
loco_v1_fold_08_task_34,train,61,34,31
loco_v1_fold_08_task_34,train,62,34,31
loco_v1_fold_08_task_34,train,63,34,31
loco_v1_fold_08_task_34,train,64,34,31
loco_v1_fold_08_task_34,train,65,34,31
loco_v1_fold_08_task_34,train,66,34,31
loco_v1_fold_08_task_34,train,67,34,31
loco_v1_fold_08_task_34,train,68,34,31
loco_v1_fold_08_task_34,train,69,34,31
loco_v1_fold_08_task_34,train,70,34,31
loco_v1_fold_08_task_34,train,71,34,31
loco_v1_fold_08_task_34,train,72,34,31
loco_v1_fold_08_task_34,train,73,34,31
loco_v1_fold_08_task_34,train,74,34,31
loco_v1_fold_08_task_34,train,75,34,31
loco_v1_fold_08_task_34,train,76,34,31
loco_v1_fold_08_task_34,train,77,34,31
loco_v1_fold_08_task_34,train,78,34,31
loco_v1_fold_08_task_34,train,79,34,31
loco_v1_fold_08_task_34,train,80,34,31
loco_v1_fold_08_task_34,train,81,34,31
loco_v1_fold_08_task_34,train,82,34,31
loco_v1_fold_08_task_34,train,83,34,31
loco_v1_fold_08_task_34,train,84,34,31
loco_v1_fold_08_task_34,train,85,34,31
loco_v1_fold_08_task_34,train,86,34,31
loco_v1_fold_08_task_34,train,87,34,31
loco_v1_fold_08_task_34,train,88,34,31
loco_v1_fold_08_task_34,train,89,34,31
loco_v1_fold_08_task_34,train,90,34,31
loco_v1_fold_08_task_34,train,91,34,31
loco_v1_fold_08_task_34,train,92,34,31
loco_v1_fold_08_task_34,train,93,34,31
loco_v1_fold_08_task_34,train,94,34,31
loco_v1_fold_08_task_34,train,95,34,31
loco_v1_fold_08_task_34,train,96,34,31
loco_v1_fold_08_task_34,train,97,34,31
loco_v1_fold_08_task_34,train,98,34,31
loco_v1_fold_08_task_34,train,99,34,31
loco_v1_fold_08_task_34,train,100,34,31
loco_v1_fold_08_task_34,train,101,34,31
loco_v1_fold_08_task_34,train,102,34,31
loco_v1_fold_08_task_34,train,103,34,31
loco_v1_fold_08_task_34,train,104,34,31
loco_v1_fold_08_task_34,train,105,34,31
loco_v1_fold_08_task_34,train,106,34,31
loco_v1_fold_08_task_34,train,107,34,31
loco_v1_fold_08_task_34,train,108,34,31
loco_v1_fold_08_task_34,train,109,34,31
loco_v1_fold_08_task_34,train,110,34,31
loco_v1_fold_08_task_34,train,111,34,31
loco_v1_fold_08_task_34,train,112,34,31
loco_v1_fold_08_task_34,train,113,34,31
loco_v1_fold_08_task_34,train,114,34,31
loco_v1_fold_08_task_34,train,115,34,31
loco_v1_fold_08_task_34,train,116,34,31
loco_v1_fold_08_task_34,train,117,34,31
loco_v1_fold_08_task_34,train,118,34,31
loco_v1_fold_08_task_34,train,119,34,31
loco_v1_fold_08_task_34,train,120,34,31
loco_v1_fold_08_task_34,train,121,34,31
loco_v1_fold_08_task_34,train,122,34,31
loco_v1_fold_08_task_34,train,123,34,31
loco_v1_fold_08_task_34,train,124,34,31
loco_v1_fold_08_task_34,train,125,34,31
loco_v1_fold_08_task_34,train,126,34,31
loco_v1_fold_08_task_34,train,127,34,31
loco_v1_fold_08_task_34,train,128,34,31
loco_v1_fold_08_task_34,train,129,34,31
loco_v1_fold_08_task_34,train,130,34,31
loco_v1_fold_08_task_34,train,131,34,31
loco_v1_fold_08_task_34,train,132,34,31
loco_v1_fold_08_task_34,train,133,34,31
loco_v1_fold_08_task_34,train,134,34,31
loco_v1_fold_08_task_34,train,135,34,31
loco_v1_fold_08_task_34,train,136,34,31
loco_v1_fold_08_task_34,train,137,34,31
loco_v1_fold_08_task_34,train,138,34,31
loco_v1_fold_08_task_34,train,139,34,31
loco_v1_fold_08_task_34,train,140,34,31
loco_v1_fold_08_task_34,train,141,34,31
loco_v1_fold_08_task_34,train,142,34,31
loco_v1_fold_08_task_34,train,143,34,31
loco_v1_fold_08_task_34,train,144,34,31
loco_v1_fold_08_task_34,train,145,34,31
loco_v1_fold_08_task_34,train,146,34,31
loco_v1_fold_08_task_34,train,147,34,31
loco_v1_fold_08_task_34,train,148,34,31
loco_v1_fold_08_task_34,train,149,34,31
loco_v1_fold_08_task_34,train,150,34,31
loco_v1_fold_08_task_34,train,151,34,31
loco_v1_fold_08_task_34,train,152,34,31
loco_v1_fold_08_task_34,train,153,34,31
loco_v1_fold_08_task_34,train,154,34,31
loco_v1_fold_08_task_34,heldout,155,34,31
loco_v1_fold_08_task_34,heldout,156,34,31
loco_v1_fold_08_task_34,heldout,157,34,31
loco_v1_fold_08_task_34,heldout,158,34,31
loco_v1_fold_08_task_34,heldout,159,34,31
