init_source,init_index,state_label,bowl_key,ramekin_key,settle_steps_executed,done_after_settle,contact_initial,contact_step1,contact_settled,on_initial,on_step1,on_settled,initial_bowl_ramekin_xy_m,step1_bowl_ramekin_xy_m,settled_bowl_ramekin_xy_m,initial_bowl_above_ramekin_m,step1_bowl_above_ramekin_m,settled_bowl_above_ramekin_m,bowl_xy_move_step1_m,bowl_xyz_move_step1_m,bowl_xy_move_settled_m,bowl_xyz_move_settled_m,ramekin_xy_move_step1_m,ramekin_xy_move_settled_m,relative_xy_change_step1_m,relative_z_change_step1_m,relative_xy_change_settled_m,relative_z_change_settled_m,relative_xy_change_step1_to_settled_m,relative_z_change_step1_to_settled_m,agentview_mse_step1,agentview_mse_settled,wrist_mse_step1,wrist_mse_settled,unstable_step1,unstable_settled,initial_bowl_x_m,initial_bowl_y_m,initial_bowl_z_m,initial_ramekin_x_m,initial_ramekin_y_m,initial_ramekin_z_m,step1_bowl_x_m,step1_bowl_y_m,step1_bowl_z_m,step1_ramekin_x_m,step1_ramekin_y_m,step1_ramekin_z_m,settled_bowl_x_m,settled_bowl_y_m,settled_bowl_z_m,settled_ramekin_x_m,settled_ramekin_y_m,settled_ramekin_z_m
benchmark,0,benchmark_init_0,akita_black_bowl_1,glazed_rim_porcelain_ramekin_1,10,False,False,False,True,False,False,False,0.0,1.5246075617752067e-06,0.0372144000368735,0.1100000000000001,0.1100320416191225,0.043533026052503865,1.1836807946155473e-06,0.011709262304536634,0.03703993385910009,0.1420934360884592,3.519431048186436e-07,0.0005202389521391184,1.5246075617752067e-06,3.2041619122402665e-05,0.0372144000368735,-0.06646697394749623,0.03721311001473846,-0.06649901556661864,0.0019835075363516808,0.005282405763864517,0.005334675777703524,0.020127343013882637,True,True,-0.19682435662356162,0.20173353583306847,1.08,-0.19682435662356162,0.20173353583306847,0.97,-0.19682409296598677,0.20173238188986936,1.0682907377552922,-0.19682433523377915,0.20173388712557655,0.9582586961361697,-0.21178274655543564,0.16784838759770554,0.9428191417174447,-0.19720462200210248,0.20208856654893118,0.8992861156649409
benchmark,1,benchmark_init_1,akita_black_bowl_1,glazed_rim_porcelain_ramekin_1,10,False,False,False,True,False,False,False,0.0,1.5246075617752067e-06,0.0372144000389896,0.1100000000000001,0.1100320416191225,0.043533026048636514,1.1836807946155473e-06,0.011709262304536634,0.03703993386115698,0.14209343609152383,3.519431048186436e-07,0.0005202389520624224,1.5246075617752067e-06,3.2041619122402665e-05,0.0372144000389896,-0.06646697395136358,0.03721311001685448,-0.06649901557048599,0.002045012079179287,0.005489178001880646,0.0033675178419798613,0.01659265160560608,True,True,-0.21299033123681407,0.18917851283052844,1.08,-0.21299033123681407,0.18917851283052844,0.97,-0.21299006757923922,0.18917735888732934,1.0682907377552922,-0.2129903098470316,0.18917886412303653,0.9582586961361697,-0.22794872116603063,0.155293364591744,0.9428191417148257,-0.21337059661527327,0.18953354354636623,0.8992861156661892
benchmark,2,benchmark_init_2,akita_black_bowl_1,glazed_rim_porcelain_ramekin_1,10,False,False,False,True,False,False,False,0.0,1.5246075617752067e-06,0.03721440003728963,0.1100000000000001,0.1100320416191225,0.04353302605201581,1.1836807946155473e-06,0.011709262304536634,0.03703993385950467,0.14209343608888578,3.519431048186436e-07,0.0005202389521347571,1.5246075617752067e-06,3.2041619122402665e-05,0.03721440003728963,-0.06646697394798429,0.03721311001515459,-0.06649901556710669,0.002148641739040613,0.005256876815110445,0.005209099035710096,0.01738283783197403,True,True,-0.20751589849579127,0.19636566116877124,1.08,-0.20751589849579127,0.19636566116877124,0.97,-0.20751563483821642,0.19636450722557214,1.0682907377552922,-0.2075158771060088,0.19636601246127933,0.9582586961361697,-0.2224742884274475,0.1624805129328699,0.9428191417171121,-0.20789616387432344,0.19672069188463687,0.8992861156650963
benchmark,3,benchmark_init_3,akita_black_bowl_1,glazed_rim_porcelain_ramekin_1,10,False,False,False,True,False,False,False,0.0,1.5246075617752067e-06,0.037214400037998224,0.1100000000000001,0.1100320416191225,0.043533026050517565,1.1836807946155473e-06,0.011709262304536634,0.03703993386019445,0.14209343609004,3.519431048186436e-07,0.0005202389520981178,1.5246075617752067e-06,3.2041619122402665e-05,0.037214400037998224,-0.06646697394948253,0.037213110015863145,-0.06649901556860494,0.0021085375919938087,0.005458322819322348,0.003876506118103862,0.021863536909222603,True,True,-0.19668195524946966,0.18830148628584994,1.08,-0.19668195524946966,0.18830148628584994,0.97,-0.1966816915918948,0.18830033234265084,1.0682907377552922,-0.19668193385968719,0.18830183757835803,0.9582586961361697,-0.2116403451799656,0.15441633804868243,0.9428191417161028,-0.19706222062796733,0.18865651700169883,0.8992861156655853
benchmark,4,benchmark_init_4,akita_black_bowl_1,glazed_rim_porcelain_ramekin_1,10,False,False,False,True,False,False,False,0.0,1.5246075617752067e-06,0.037214400036702504,0.1100000000000001,0.1100320416191225,0.04353302605286602,1.1836807946155473e-06,0.011709262304536634,0.03703993385893737,0.14209343608817637,3.519431048186436e-07,0.000520238952145494,1.5246075617752067e-06,3.2041619122402665e-05,0.037214400036702504,-0.06646697394713408,0.03721311001456747,-0.06649901556625648,0.0021003701258450747,0.004988307598978281,0.003343780292198062,0.018367905169725418,True,True,-0.1970371448585135,0.18936575039651948,1.08,-0.1970371448585135,0.18936575039651948,0.97,-0.19703688120093865,0.18936459645332038,1.0682907377552922,-0.19703712346873103,0.18936610168902757,0.9582586961361697,-0.2119955347906124,0.1554806021614337,0.9428191417176938,-0.19741741023706358,0.18972078111238166,0.8992861156648277
benchmark,5,benchmark_init_5,akita_black_bowl_1,glazed_rim_porcelain_ramekin_1,10,False,False,False,True,False,False,False,0.0,1.5246075617752067e-06,0.037214400038511404,0.1100000000000001,0.1100320416191225,0.043533026049691115,1.1836807946155473e-06,0.011709262304536634,0.037039933860692986,0.14209343609071692,3.519431048186436e-07,0.0005202389520875194,1.5246075617752067e-06,3.2041619122402665e-05,0.037214400038511404,-0.06646697395030898,0.03721311001637631,-0.06649901556943139,0.0020054697524756193,0.005150400567799807,0.004738203715533018,0.018672460690140724,True,True,-0.20737618127154173,0.20836777517615732,1.08,-0.20737618127154173,0.20836777517615732,0.97,-0.20737591761396687,0.2083666212329582,1.0682907377552922,-0.20737615988175925,0.2083681264686654,0.9582586961361697,-0.22233457120159233,0.17448262693824826,0.9428191417155363,-0.20775644665002513,0.20872280589200595,0.8992861156658452
benchmark,6,benchmark_init_6,akita_black_bowl_1,glazed_rim_porcelain_ramekin_1,10,False,False,False,True,False,False,False,0.0,1.5246075617752067e-06,0.03721440003789549,0.1100000000000001,0.1100320416191225,0.04353302605066145,1.1836807946155473e-06,0.011709262304536634,0.037039933860095374,0.1420934360899252,3.519431048186436e-07,0.0005202389521024826,1.5246075617752067e-06,3.2041619122402665e-05,0.03721440003789549,-0.06646697394933865,0.03721311001576041,-0.06649901556846105,0.0019868777599185705,0.0048792180605232716,0.005087354686111212,0.014296275563538074,True,True,-0.19514078450781838,0.2131350906660004,1.08,-0.19514078450781838,0.2131350906660004,0.97,-0.19514052085024353,0.2131339367228013,1.0682907377552922,-0.1951407631180359,0.21313544195850848,0.9582586961361697,-0.21009917443847323,0.17924994242901132,0.942819141716195,-0.1955210498863209,0.21349012138185047,0.8992861156655335
benchmark,7,benchmark_init_7,akita_black_bowl_1,glazed_rim_porcelain_ramekin_1,10,False,False,False,True,False,False,False,0.0,1.5246075617752067e-06,0.03721440003839928,0.1100000000000001,0.1100320416191225,0.043533026049887846,1.1836807946155473e-06,0.011709262304536634,0.03703993386058359,0.14209343609055464,3.519431048186436e-07,0.0005202389520879641,1.5246075617752067e-06,3.2041619122402665e-05,0.03721440003839928,-0.06646697395011225,0.037213110016264185,-0.06649901556923465,0.0020625742617994547,0.005083794705569744,0.002985801547765732,0.013076151721179485,True,True,-0.18875205551759963,0.21107759880303265,1.08,-0.18875205551759963,0.21107759880303265,0.97,-0.18875179186002478,0.21107644485983354,1.0682907377552922,-0.18875203412781716,0.21107795009554073,0.9582586961361697,-0.203710445447708,0.17719245056526867,0.9428191417156748,-0.1891323208960844,0.21143262951888048,0.899286115665787
benchmark,8,benchmark_init_8,akita_black_bowl_1,glazed_rim_porcelain_ramekin_1,10,False,False,False,True,False,False,False,0.0,1.5246075617752067e-06,0.03721440003678336,0.1100000000000001,0.1100320416191225,0.04353302605252196,1.1836807946155473e-06,0.011709262304536634,0.03703993385901282,0.14209343608841093,3.519431048186436e-07,0.0005202389521331427,1.5246075617752067e-06,3.2041619122402665e-05,0.03721440003678336,-0.06646697394747814,0.03721311001464832,-0.06649901556660054,0.002078527119010687,0.00525210564956069,0.0037266637664288282,0.015603163279592991,True,True,-0.20678845055906492,0.19843306269289315,1.08,-0.20678845055906492,0.19843306269289315,0.97,-0.20678818690149006,0.19843190874969405,1.0682907377552922,-0.20678842916928244,0.19843341398540124,0.9582586961361697,-0.22174684049071197,0.16454791445752542,0.9428191417174712,-0.20716871593760403,0.19878809340874898,0.8992861156649492
benchmark,9,benchmark_init_9,akita_black_bowl_1,glazed_rim_porcelain_ramekin_1,10,False,False,False,True,False,False,False,0.0,1.5246075617752067e-06,0.03721440003811388,0.1100000000000001,0.1100320416191225,0.04353302605014975,1.1836807946155473e-06,0.011709262304536634,0.03703993386030548,0.14209343609031386,3.519431048186436e-07,0.0005202389520934079,1.5246075617752067e-06,3.2041619122402665e-05,0.03721440003811388,-0.06646697394985035,0.037213110015978795,-0.06649901556897275,0.0020695121493190527,0.0052966345101594925,0.003939687740057707,0.02114264667034149,True,True,-0.1928015272819047,0.205393582180622,1.08,-0.1928015272819047,0.205393582180622,0.97,-0.19280126362432984,0.2053924282374229,1.0682907377552922,-0.19280150589212222,0.2053939334731301,0.9582586961361697,-0.2077599172121551,0.17150843394322474,0.9428191417158491,-0.19318179266039742,0.20574861289646929,0.8992861156656994
benchmark,10,benchmark_init_10,akita_black_bowl_1,glazed_rim_porcelain_ramekin_1,10,False,False,False,True,False,False,False,0.0,1.5246075617752067e-06,0.037214400038174465,0.1100000000000001,0.1100320416191225,0.043533026050081025,1.1836807946155473e-06,0.011709262304536634,0.03703993386036565,0.142093436090365,3.519431048186436e-07,0.0005202389520868323,1.5246075617752067e-06,3.2041619122402665e-05,0.037214400038174465,-0.06646697394991907,0.03721311001603937,-0.06649901556904148,0.0020890908781439066,0.004982715472579002,0.00418288866057992,0.014117938466370106,True,True,-0.20092724710534432,0.20553198908595155,1.08,-0.20092724710534432,0.20553198908595155,0.97,-0.20092698344776946,0.20553083514275244,1.0682907377552922,-0.20092722571556185,0.20553234037845963,0.9582586961361697,-0.21588563703542948,0.17164684084841556,0.9428191417158124,-0.2013075124838323,0.20588701980179427,0.8992861156657314
benchmark,11,benchmark_init_11,akita_black_bowl_1,glazed_rim_porcelain_ramekin_1,10,False,False,False,True,False,False,False,0.0,1.5246075617752067e-06,0.03721440003766873,0.1100000000000001,0.1100320416191225,0.04353302605115916,1.1836807946155473e-06,0.011709262304536634,0.037039933859873905,0.1420934360895379,3.519431048186436e-07,0.0005202389521128885,1.5246075617752067e-06,3.2041619122402665e-05,0.03721440003766873,-0.06646697394884094,0.03721311001553366,-0.06649901556796334,0.002359909238293767,0.005741644650697708,0.004947282373905182,0.021133912727236748,True,True,-0.19418705874344241,0.18564437601792025,1.08,-0.19418705874344241,0.18564437601792025,0.97,-0.19418679508586756,0.18564322207472114,1.0682907377552922,-0.19418703735365994,0.18564472731042833,0.9582586961361697,-0.20914544867440174,0.15175922778130768,0.9428191417165364,-0.19456732412195485,0.18599940673377496,0.8992861156653772
benchmark,12,benchmark_init_12,akita_black_bowl_1,glazed_rim_porcelain_ramekin_1,10,False,False,False,True,False,False,False,0.0,1.5246075617752067e-06,0.03721440003526362,0.1100000000000001,0.1100320416191225,0.043533026055532886,1.1836807946155473e-06,0.011709262304536634,0.03703993385753927,0.142093436086069,3.519431048186436e-07,0.0005202389522003224,1.5246075617752067e-06,3.2041619122402665e-05,0.03721440003526362,-0.06646697394446721,0.037213110013128645,-0.06649901556358961,0.001992678502574563,0.005297044292092323,0.0029119045939296484,0.014251571148633957,True,True,-0.2028990644740977,0.20625043731257936,1.08,-0.2028990644740977,0.20625043731257936,0.97,-0.20289880081652284,0.20624928336938025,1.0682907377552922,-0.20289904308431522,0.20625078860508744,0.9582586961361697,-0.2178574544080506,0.17236528907984028,0.9428191417194991,-0.2032793298527058,0.20660546802845972,0.8992861156639662
benchmark,13,benchmark_init_13,akita_black_bowl_1,glazed_rim_porcelain_ramekin_1,10,False,False,False,True,False,False,False,0.0,1.5246075617752067e-06,0.037214400037453264,0.1100000000000001,0.1100320416191225,0.04353302605138609,1.1836807946155473e-06,0.011709262304536634,0.037039933859665614,0.14209343608933128,3.519431048186436e-07,0.0005202389521131433,1.5246075617752067e-06,3.2041619122402665e-05,0.037214400037453264,-0.066466973948614,0.0372131100153182,-0.06649901556773641,0.001934395986609161,0.005051565822213888,0.006633231416344643,0.0213181059807539,True,True,-0.19290354225528233,0.18668933158492848,1.08,-0.19290354225528233,0.18668933158492848,0.97,-0.19290327859770748,0.18668817764172937,1.0682907377552922,-0.19290352086549986,0.18668968287743656,0.9582586961361697,-0.2078619321862905,0.15280418334856516,0.9428191417166941,-0.19328380763379885,0.1870443623007792,0.899286115665308
benchmark,14,benchmark_init_14,akita_black_bowl_1,glazed_rim_porcelain_ramekin_1,10,False,False,False,True,False,False,False,0.0,1.5246075617752067e-06,0.037214400037999584,0.1100000000000001,0.1100320416191225,0.043533026050426304,1.1836807946155473e-06,0.011709262304536634,0.03703993386019505,0.142093436090099,3.519431048186436e-07,0.0005202389520955854,1.5246075617752067e-06,3.2041619122402665e-05,0.037214400037999584,-0.0664669739495738,0.037213110015864505,-0.0664990155686962,0.0020468675065785646,0.005220196675509214,0.003663488896563649,0.016898656263947487,True,True,-0.18549614241765938,0.21279510759716114,1.08,-0.18549614241765938,0.21279510759716114,0.97,-0.18549587876008453,0.21279395365396203,1.0682907377552922,-0.1854961210278769,0.21279545888966922,0.9582586961361697,-0.200454532348041,0.1789099593599425,0.9428191417160419,-0.18587640779615522,0.21315013831300827,0.8992861156656156
benchmark,15,benchmark_init_15,akita_black_bowl_1,glazed_rim_porcelain_ramekin_1,10,False,False,False,True,False,False,False,0.0,1.5246075617752067e-06,0.03721440003585764,0.1100000000000001,0.1100320416191225,0.0435330260546275,1.1836807946155473e-06,0.011709262304536634,0.03703993385811597,0.14209343608680572,3.519431048186436e-07,0.0005202389521825725,1.5246075617752067e-06,3.2041619122402665e-05,0.03721440003585764,-0.0664669739453726,0.03721311001372264,-0.066499015564495,0.002013460034504533,0.0051545086316764355,0.00471598980948329,0.012868267484009266,True,True,-0.2148793300719205,0.19915380941879693,1.08,-0.2148793300719205,0.19915380941879693,0.97,-0.21487906641434565,0.19915265547559782,1.0682907377552922,-0.21487930868213803,0.199154160711305,0.9582586961361697,-0.22983772000522298,0.16526866118514033,0.9428191417188917,-0.21525959545050788,0.1995088401346735,0.8992861156642642
benchmark,16,benchmark_init_16,akita_black_bowl_1,glazed_rim_porcelain_ramekin_1,10,False,False,False,True,False,False,False,0.0,1.5246075617752067e-06,0.03721440003816298,0.1100000000000001,0.1100320416191225,0.04353302605022058,1.1836807946155473e-06,0.011709262304536634,0.037039933860352287,0.14209343609028285,3.519431048186436e-07,0.0005202389520974111,1.5246075617752067e-06,3.2041619122402665e-05,0.03721440003816298,-0.06646697394977952,0.037213110016027895,-0.06649901556890192,0.0020049423910677433,0.004991304129362106,0.003925478085875511,0.013626324944198132,True,True,-0.21244925133908743,0.2135728202491722,1.08,-0.21244925133908743,0.2135728202491722,0.97,-0.21244898768151257,0.2135716663059731,1.0682907377552922,-0.21244922994930496,0.2135731715416803,0.9582586961361697,-0.22740764126948487,0.17968767201178867,0.9428191417158939,-0.21282951671758107,0.21392785096502437,0.8992861156656733
benchmark,17,benchmark_init_17,akita_black_bowl_1,glazed_rim_porcelain_ramekin_1,10,False,False,False,True,False,False,False,0.0,1.5246075617752067e-06,0.03721440003746354,0.1100000000000001,0.1100320416191225,0.0435330260516299,1.1836807946155473e-06,0.011709262304536634,0.03703993385967602,0.1420934360891744,3.519431048186436e-07,0.0005202389521209906,1.5246075617752067e-06,3.2041619122402665e-05,0.03721440003746354,-0.0664669739483702,0.03721311001532849,-0.0664990155674926,0.002052837982773781,0.005117108579725027,0.0048803407698869705,0.01659475825726986,True,True,-0.18885522356410292,0.21259965403858277,1.08,-0.18885522356410292,0.21259965403858277,0.97,-0.18885495990652806,0.21259850009538367,1.0682907377552922,-0.18885520217432045,0.21260000533109086,0.9582586961361697,-0.2038136134953619,0.1787145058023188,0.9428191417168594,-0.18923548894262462,0.21295468475443943,0.8992861156652295
benchmark,18,benchmark_init_18,akita_black_bowl_1,glazed_rim_porcelain_ramekin_1,10,False,False,False,True,False,False,False,0.0,1.5246075617752067e-06,0.03721440003765147,0.1100000000000001,0.1100320416191225,0.043533026051262635,1.1836807946155473e-06,0.011709262304536634,0.037039933859856974,0.14209343608946637,3.519431048186436e-07,0.000520238952116403,1.5246075617752067e-06,3.2041619122402665e-05,0.03721440003765147,-0.06646697394873746,0.0372131100155164,-0.06649901556785986,0.002061528852209449,0.005149932112544775,0.00505021819844842,0.019701702520251274,True,True,-0.21238055658399302,0.18577180592048673,1.08,-0.21238055658399302,0.18577180592048673,0.97,-0.21238029292641816,0.18577065197728762,1.0682907377552922,-0.21238053519421055,0.1857721572129948,0.9582586961361697,-0.2273389465150534,0.15188665768393728,0.9428191417166059,-0.212760821962508,0.18612683663634386,0.8992861156653432
benchmark,19,benchmark_init_19,akita_black_bowl_1,glazed_rim_porcelain_ramekin_1,10,False,False,False,True,False,False,False,0.0,1.5246075617752067e-06,0.03721440003815136,0.1100000000000001,0.1100320416191225,0.04353302604986442,1.1836807946155473e-06,0.011709262304536634,0.03703993386034227,0.14209343609051026,3.519431048186436e-07,0.0005202389520813174,1.5246075617752067e-06,3.2041619122402665e-05,0.03721440003815136,-0.06646697395013568,0.037213110016016265,-0.06649901556925808,0.001962076174095273,0.005085724871605635,0.005804862827062607,0.015028230845928192,True,True,-0.21265123020322682,0.2039503177317969,1.08,-0.21265123020322682,0.2039503177317969,0.97,-0.21265096654565196,0.2039491637885978,1.0682907377552922,-0.21265120881344435,0.20395066902430498,0.9582586961361697,-0.2276096201332208,0.17006516949424622,0.9428191417156556,-0.21303149558171006,0.20430534844763662,0.8992861156657912
benchmark,20,benchmark_init_20,akita_black_bowl_1,glazed_rim_porcelain_ramekin_1,10,False,False,False,True,False,False,False,0.0,1.5246075617752067e-06,0.03721440003575495,0.1100000000000001,0.1100320416191225,0.043533026054738744,1.1836807946155473e-06,0.011709262304536634,0.037039933858013505,0.14209343608670902,3.519431048186436e-07,0.0005202389521844015,1.5246075617752067e-06,3.2041619122402665e-05,0.03721440003575495,-0.06646697394526135,0.03721311001361996,-0.06649901556438376,0.002142029581591487,0.005140744149684906,0.006562052760273218,0.01505141332745552,True,True,-0.19199829081234132,0.19911985639858173,1.08,-0.19199829081234132,0.19911985639858173,0.97,-0.19199802715476647,0.19911870245538263,1.0682907377552922,-0.19199826942255885,0.19912020769108982,0.9582586961361697,-0.2069566807457308,0.16523470816507554,0.9428191417189642,-0.1923785561909293,0.19947488711446032,0.8992861156642254
benchmark,21,benchmark_init_21,akita_black_bowl_1,glazed_rim_porcelain_ramekin_1,10,False,False,False,True,False,False,False,0.0,1.5246075617752067e-06,0.037214400036764184,0.1100000000000001,0.1100320416191225,0.043533026052797075,1.1836807946155473e-06,0.011709262304536634,0.03703993385899615,0.14209343608824013,3.519431048186436e-07,0.0005202389521467835,1.5246075617752067e-06,3.2041619122402665e-05,0.037214400036764184,-0.06646697394720302,0.03721311001462915,-0.06649901556632543,0.00219903071410954,0.005753576755523682,0.004418252967298031,0.01828998140990734,True,True,-0.19817395953938716,0.1996079772438041,1.08,-0.19817395953938716,0.1996079772438041,0.97,-0.1981736958818123,0.199606823300605,1.0682907377552922,-0.19817393814960468,0.1996083285363122,0.9582586961361697,-0.2131323494715005,0.16572282900866045,0.9428191417176436,-0.19855422491793648,0.19996300795966898,0.8992861156648465
benchmark,22,benchmark_init_22,akita_black_bowl_1,glazed_rim_porcelain_ramekin_1,10,False,False,False,True,False,False,False,0.0,1.5246075617752067e-06,0.03721440003662765,0.1100000000000001,0.1100320416191225,0.043533026052853696,1.1836807946155473e-06,0.011709262304536634,0.03703993385886353,0.1420934360881673,3.519431048186436e-07,0.0005202389521436218,1.5246075617752067e-06,3.2041619122402665e-05,0.03721440003662765,-0.0664669739471464,0.03721311001449261,-0.0664990155662688,0.0019769594073295593,0.0048753623850643635,0.00580886984243989,0.01638014428317547,True,True,-0.2140830192680527,0.20188146194825568,1.08,-0.2140830192680527,0.20188146194825568,0.97,-0.21408275561047785,0.20188030800505657,1.0682907377552922,-0.21408299787827023,0.20188181324076376,0.9582586961361697,-0.22904140920012445,0.16799631371323862,0.9428191417176832,-0.21446328464660167,0.2022364926641163,0.8992861156648295
benchmark,23,benchmark_init_23,akita_black_bowl_1,glazed_rim_porcelain_ramekin_1,10,False,False,False,True,False,False,False,0.0,1.5246075617752067e-06,0.03721440003837274,0.1100000000000001,0.1100320416191225,0.043533026049525914,1.1836807946155473e-06,0.011709262304536634,0.03703993386055674,0.1420934360907829,3.519431048186436e-07,0.0005202389520738593,1.5246075617752067e-06,3.2041619122402665e-05,0.03721440003837274,-0.06646697395047418,0.03721311001623764,-0.06649901556959659,0.0020993940997868776,0.005142586305737495,0.004549434874206781,0.01659577526152134,True,True,-0.21397565800697463,0.21454481719158652,1.08,-0.21397565800697463,0.21454481719158652,0.97,-0.21397539434939977,0.21454366324838742,1.0682907377552922,-0.21397563661719216,0.2145451684840946,0.9582586961361697,-0.2289340479366893,0.1806596689536781,0.9428191417154311,-0.21435592338544937,0.21489984790742442,0.8992861156659052
benchmark,24,benchmark_init_24,akita_black_bowl_1,glazed_rim_porcelain_ramekin_1,10,False,False,False,True,False,False,False,0.0,1.5246075617752067e-06,0.03721440003869013,0.1100000000000001,0.1100320416191225,0.04353302604910292,1.1836807946155473e-06,0.011709262304536634,0.037039933860864224,0.14209343609113947,3.519431048186436e-07,0.0005202389520688769,1.5246075617752067e-06,3.2041619122402665e-05,0.03721440003869013,-0.06646697395089718,0.03721311001655502,-0.06649901557001958,0.0020097389351576567,0.004927034489810467,0.006019099149852991,0.018029024824500084,True,True,-0.1866634226639804,0.1885544006490878,1.08,-0.1866634226639804,0.1885544006490878,0.97,-0.18666315900640554,0.1885532467058887,1.0682907377552922,-0.18666340127419792,0.18855475194159588,0.9582586961361697,-0.20162181259344922,0.15466925241073473,0.9428191417151448,-0.18704368804244692,0.1889094313649272,0.8992861156660419
benchmark,25,benchmark_init_25,akita_black_bowl_1,glazed_rim_porcelain_ramekin_1,10,False,False,False,True,False,False,False,0.0,1.5246075617752067e-06,0.03721440003564179,0.1100000000000001,0.1100320416191225,0.043533026054827784,1.1836807946155473e-06,0.011709262304536634,0.03703993385790509,0.14209343608662406,3.519431048186436e-07,0.0005202389521849082,1.5246075617752067e-06,3.2041619122402665e-05,0.03721440003564179,-0.06646697394517231,0.0372131100135068,-0.06649901556429472,0.002009910298511386,0.005066979676485062,0.003437613369897008,0.01598133146762848,True,True,-0.1872225811185543,0.20070867166120912,1.08,-0.1872225811185543,0.20070867166120912,0.97,-0.18722231746097945,0.20070751771801001,1.0682907377552922,-0.18722255972877183,0.2007090229537172,0.9582586961361697,-0.20218097105198876,0.1668235234278413,0.9428191417190229,-0.18760284649714531,0.2010637023770852,0.8992861156641951
benchmark,26,benchmark_init_26,akita_black_bowl_1,glazed_rim_porcelain_ramekin_1,10,False,False,False,True,False,False,False,0.0,1.5246075617752067e-06,0.03721440003687309,0.1100000000000001,0.1100320416191225,0.04353302605239351,1.1836807946155473e-06,0.011709262304536634,0.03703993385909956,0.1420934360885297,3.519431048186436e-07,0.0005202389521351427,1.5246075617752067e-06,3.2041619122402665e-05,0.03721440003687309,-0.06646697394760659,0.037213110014738045,-0.06649901556672899,0.0021280657965689898,0.005117312539368868,0.003357578767463565,0.019566738978028297,True,True,-0.20263261161781582,0.2011922702389151,1.08,-0.20263261161781582,0.2011922702389151,0.97,-0.20263234796024096,0.20119111629571598,1.0682907377552922,-0.20263259022803334,0.20119262153142317,0.9582586961361697,-0.21759100154956673,0.1673071220034984,0.9428191417173716,-0.20301287699635398,0.20154730095477486,0.8992861156649781
benchmark,27,benchmark_init_27,akita_black_bowl_1,glazed_rim_porcelain_ramekin_1,10,False,False,False,True,False,False,False,0.0,1.5246075617752067e-06,0.0372144000370307,0.1100000000000001,0.1100320416191225,0.04353302605217957,1.1836807946155473e-06,0.011709262304536634,0.03703993385925292,0.14209343608871244,3.519431048186436e-07,0.0005202389521342936,1.5246075617752067e-06,3.2041619122402665e-05,0.0372144000370307,-0.06646697394782053,0.03721311001489566,-0.06649901556694293,0.0021514007821679115,0.005446774885058403,0.0058471523225307465,0.023996302857995033,True,True,-0.2036946423244497,0.20419924079561866,1.08,-0.2036946423244497,0.20419924079561866,0.97,-0.20369437866687484,0.20419808685241955,1.0682907377552922,-0.20369462093466723,0.20419959208812674,0.9582586961361697,-0.2186530322561051,0.17031409255999216,0.9428191417172237,-0.2040749077029856,0.20455427151147962,0.8992861156650441
benchmark,28,benchmark_init_28,akita_black_bowl_1,glazed_rim_porcelain_ramekin_1,10,False,False,False,True,False,False,False,0.0,1.5246075617752067e-06,0.03721440003735403,0.1100000000000001,0.1100320416191225,0.04353302605174225,1.1836807946155473e-06,0.011709262304536634,0.03703993385956846,0.14209343608907637,3.519431048186436e-07,0.0005202389521238325,1.5246075617752067e-06,3.2041619122402665e-05,0.03721440003735403,-0.06646697394825785,0.03721311001521898,-0.06649901556738025,0.0022602728568017483,0.006205055862665176,0.004006155300885439,0.02398950606584549,True,True,-0.19060194004243286,0.1951064406060168,1.08,-0.19060194004243286,0.1951064406060168,0.97,-0.190601676384858,0.1951052866628177,1.0682907377552922,-0.1906019186526504,0.1951067918985249,0.9582586961361697,-0.2055603299737876,0.16122129236991267,0.9428191417169319,-0.1909822054209573,0.1954614713218747,0.8992861156651897
benchmark,29,benchmark_init_29,akita_black_bowl_1,glazed_rim_porcelain_ramekin_1,10,False,False,False,True,False,False,False,0.0,1.5246075617752067e-06,0.0372144000359532,0.1100000000000001,0.1100320416191225,0.04353302605461362,1.1836807946155473e-06,0.011709262304536634,0.03703993385821119,0.1420934360868447,3.519431048186436e-07,0.0005202389521871244,1.5246075617752067e-06,3.2041619122402665e-05,0.0372144000359532,-0.06646697394538648,0.037213110013818204,-0.06649901556450888,0.001990934833884239,0.004961290862411261,0.004234857391566038,0.01812865398824215,True,True,-0.19344025197221704,0.1954636315244003,1.08,-0.19344025197221704,0.1954636315244003,0.97,-0.19343998831464218,0.1954624775812012,1.0682907377552922,-0.19344023058243456,0.19546398281690838,0.9582586961361697,-0.20839864190564872,0.16157848329069666,0.942819141718877,-0.19382051735080766,0.19581866224028005,0.8992861156642634
benchmark,30,benchmark_init_30,akita_black_bowl_1,glazed_rim_porcelain_ramekin_1,10,False,False,False,True,False,False,False,0.0,1.5246075617752067e-06,0.03721440003831222,0.1100000000000001,0.1100320416191225,0.04353302604977083,1.1836807946155473e-06,0.011709262304536634,0.03703993386049919,0.14209343609061387,3.519431048186436e-07,0.000520238952086243,1.5246075617752067e-06,3.2041619122402665e-05,0.03721440003831222,-0.06646697395022927,0.03721311001617713,-0.06649901556935167,0.0021350064780563116,0.005051848944276571,0.004817944020032883,0.01922798529267311,True,True,-0.20100458511429534,0.19296409457877495,1.08,-0.20100458511429534,0.19296409457877495,0.97,-0.20100432145672048,0.19296294063557584,1.0682907377552922,-0.20100456372451286,0.19296444587128303,0.9582586961361697,-0.215962975044314,0.15907894634106362,0.9428191417155907,-0.20138485049278093,0.19331912529461937,0.8992861156658198
benchmark,31,benchmark_init_31,akita_black_bowl_1,glazed_rim_porcelain_ramekin_1,10,False,False,False,True,False,False,False,0.0,1.5246075617752067e-06,0.03721440003779521,0.1100000000000001,0.1100320416191225,0.04353302605080267,1.1836807946155473e-06,0.011709262304536634,0.037039933859998334,0.14209343608980302,3.519431048186436e-07,0.0005202389521016557,1.5246075617752067e-06,3.2041619122402665e-05,0.03721440003779521,-0.06646697394919743,0.037213110015660134,-0.06649901556831983,0.002234118990600109,0.005924032535403967,0.004255689214915037,0.019068541005253792,True,True,-0.19406258174176957,0.21471946917067222,1.08,-0.19406258174176957,0.21471946917067222,0.97,-0.19406231808419472,0.21471831522747312,1.0682907377552922,-0.1940625603519871,0.2147198204631803,0.9582586961361697,-0.20902097167244538,0.18083432093379848,0.9428191417162953,-0.19444284712027302,0.2150744998865201,0.8992861156654927
benchmark,32,benchmark_init_32,akita_black_bowl_1,glazed_rim_porcelain_ramekin_1,10,False,False,False,True,False,False,False,0.0,1.5246075617752067e-06,0.03721440003600968,0.1100000000000001,0.1100320416191225,0.04353302605403819,1.1836807946155473e-06,0.011709262304536634,0.03703993385826073,0.14209343608724231,3.519431048186436e-07,0.0005202389521720614,1.5246075617752067e-06,3.2041619122402665e-05,0.03721440003600968,-0.0664669739459619,0.03721311001387468,-0.06649901556508431,0.002179244300350547,0.005543526262044907,0.005508268252015114,0.02008005417883396,True,True,-0.18956338851089727,0.18524659922656614,1.08,-0.18956338851089727,0.18524659922656614,0.97,-0.1895631248533224,0.18524544528336703,1.0682907377552922,-0.1895633671211148,0.18524695051907422,0.9582586961361697,-0.20452177844388525,0.15136145099261247,0.9428191417184786,-0.18994365388947296,0.1856016299424398,0.8992861156644404
benchmark,33,benchmark_init_33,akita_black_bowl_1,glazed_rim_porcelain_ramekin_1,10,False,False,False,True,False,False,False,0.0,1.5246075617752067e-06,0.03721440003693283,0.1100000000000001,0.1100320416191225,0.04353302605213949,1.1836807946155473e-06,0.011709262304536634,0.037039933859156,0.14209343608871183,3.519431048186436e-07,0.0005202389521271147,1.5246075617752067e-06,3.2041619122402665e-05,0.03721440003693283,-0.06646697394786061,0.03721311001479779,-0.06649901556698301,0.002153754001483321,0.004960936028510332,0.0064309448935091496,0.015661848708987236,True,True,-0.20862280453643273,0.20375969411698067,1.08,-0.20862280453643273,0.20375969411698067,0.97,-0.20862254087885787,0.20375854017378156,1.0682907377552922,-0.20862278314665025,0.20376004540948875,0.9582586961361697,-0.22358119446796615,0.16987454588140627,0.9428191417171982,-0.20900306991496315,0.20411472483283696,0.8992861156650587
benchmark,34,benchmark_init_34,akita_black_bowl_1,glazed_rim_porcelain_ramekin_1,10,False,False,False,True,False,False,False,0.0,1.5246075617752067e-06,0.03721440003753115,0.1100000000000001,0.1100320416191225,0.04353302605127596,1.1836807946155473e-06,0.011709262304536634,0.03703993385973745,0.14209343608942912,3.519431048186436e-07,0.0005202389521161202,1.5246075617752067e-06,3.2041619122402665e-05,0.03721440003753115,-0.06646697394872414,0.037213110015396095,-0.06649901556784654,0.002224780386313796,0.005547406617552042,0.0041054910980165005,0.021855352446436882,True,True,-0.18915408008312803,0.19223116557513742,1.08,-0.18915408008312803,0.19223116557513742,0.97,-0.18915381642555318,0.1922300116319383,1.0682907377552922,-0.18915405869334556,0.1922315168676455,0.9582586961361697,-0.20411247001416666,0.158346017338709,0.9428191417166122,-0.18953434546164305,0.1925861962909941,0.8992861156653362
benchmark,35,benchmark_init_35,akita_black_bowl_1,glazed_rim_porcelain_ramekin_1,10,False,False,False,True,False,False,False,0.0,1.5246075617752067e-06,0.03721440003750112,0.1100000000000001,0.1100320416191225,0.04353302605117171,1.1836807946155473e-06,0.011709262304536634,0.037039933859708746,0.14209343608948882,3.519431048186436e-07,0.0005202389521106292,1.5246075617752067e-06,3.2041619122402665e-05,0.03721440003750112,-0.06646697394882839,0.037213110015366056,-0.06649901556795079,0.002016667975112796,0.004912249278277159,0.004780347924679518,0.014945956878364086,True,True,-0.1986542490821173,0.1946605154283248,1.08,-0.1986542490821173,0.1946605154283248,0.97,-0.19865398542454243,0.1946593614851257,1.0682907377552922,-0.19865422769233482,0.19466086672083288,0.9582586961361697,-0.2136126390130171,0.1607753671918665,0.9428191417165426,-0.19903451446062922,0.19501554614417674,0.8992861156653709
benchmark,36,benchmark_init_36,akita_black_bowl_1,glazed_rim_porcelain_ramekin_1,10,False,False,False,True,False,False,False,0.0,1.5246075617752067e-06,0.037214400036778325,0.1100000000000001,0.1100320416191225,0.0435330260530733,1.1836807946155473e-06,0.011709262304536634,0.03703993385901209,0.1420934360880547,3.519431048186436e-07,0.0005202389521519413,1.5246075617752067e-06,3.2041619122402665e-05,0.037214400036778325,-0.0664669739469268,0.037213110014643294,-0.0664990155660492,0.0018900387221947312,0.0046550254337489605,0.004296401981264353,0.014405108988285065,True,True,-0.204390819923258,0.19531891797721562,1.08,-0.204390819923258,0.19531891797721562,0.97,-0.20439055626568314,0.19531776403401652,1.0682907377552922,-0.20439079853347553,0.1953192692697237,0.9582586961361697,-0.2193492098555258,0.16143376974212273,0.94281914171784,-0.20477108530181212,0.1956739486930829,0.8992861156647667
benchmark,37,benchmark_init_37,akita_black_bowl_1,glazed_rim_porcelain_ramekin_1,10,False,False,False,True,False,False,False,0.0,1.5246075617752067e-06,0.03721440003832754,0.1100000000000001,0.1100320416191225,0.043533026050039614,1.1836807946155473e-06,0.011709262304536634,0.03703993386051424,0.1420934360904386,3.519431048186436e-07,0.0005202389520933734,1.5246075617752067e-06,3.2041619122402665e-05,0.03721440003832754,-0.06646697394996048,0.037213110016192444,-0.06649901556908289,0.0021125490311533213,0.005149153992533684,0.005671354476362467,0.017015686258673668,True,True,-0.19088186705828986,0.18877164140749644,1.08,-0.19088186705828986,0.18877164140749644,0.97,-0.190881603400715,0.18877048746429734,1.0682907377552922,-0.19088184566850738,0.18877199270000453,0.9582586961361697,-0.20584025698853584,0.15488649316986902,0.9428191417157763,-0.19126213243677992,0.18912667212334652,0.8992861156657367
benchmark,38,benchmark_init_38,akita_black_bowl_1,glazed_rim_porcelain_ramekin_1,10,False,False,False,True,False,False,False,0.0,1.5246075617752067e-06,0.037214400037198926,0.1100000000000001,0.1100320416191225,0.043533026051771895,1.1836807946155473e-06,0.011709262304536634,0.03703993385941915,0.14209343608902802,3.519431048186436e-07,0.0005202389521254199,1.5246075617752067e-06,3.2041619122402665e-05,0.037214400037198926,-0.0664669739482282,0.037213110015063874,-0.0664990155673506,0.002105484949424863,0.005606616381555796,0.004969543777406216,0.01795475371181965,True,True,-0.18623133940495684,0.18676362292179055,1.08,-0.18623133940495684,0.18676362292179055,0.97,-0.18623107574738199,0.18676246897859144,1.0682907377552922,-0.18623131801517437,0.18676397421429863,0.9582586961361697,-0.20118972933639964,0.1528784746858885,0.9428191417169417,-0.1866116047834855,0.18711865363764624,0.8992861156651698
benchmark,39,benchmark_init_39,akita_black_bowl_1,glazed_rim_porcelain_ramekin_1,10,False,False,False,True,False,False,False,0.0,1.5246075617752067e-06,0.037214400037244015,0.1100000000000001,0.1100320416191225,0.043533026051610135,1.1836807946155473e-06,0.011709262304536634,0.03703993385945669,0.14209343608913738,3.519431048186436e-07,0.0005202389521199451,1.5246075617752067e-06,3.2041619122402665e-05,0.037214400037244015,-0.06646697394838996,0.037213110015108956,-0.06649901556751237,0.0019657397642731667,0.005090256687253714,0.004221437033265829,0.020269928500056267,True,True,-0.20543832146439367,0.20860124820654496,1.08,-0.20543832146439367,0.20860124820654496,0.97,-0.2054380578068188,0.20860009426334586,1.0682907377552922,-0.2054383000746112,0.20860159949905305,0.9582586961361697,-0.2203967113956009,0.1747160999704979,0.9428191417168386,-0.20581858684291413,0.20895627892240143,0.8992861156652284
benchmark,40,benchmark_init_40,akita_black_bowl_1,glazed_rim_porcelain_ramekin_1,10,False,False,False,True,False,False,False,0.0,1.5246075617752067e-06,0.03721440003711021,0.1100000000000001,0.1100320416191225,0.0435330260521094,1.1836807946155473e-06,0.011709262304536634,0.03703993385933347,0.14209343608877675,3.519431048186436e-07,0.0005202389521319477,1.5246075617752067e-06,3.2041619122402665e-05,0.03721440003711021,-0.0664669739478907,0.03721311001497517,-0.0664990155670131,0.0025353829842060804,0.005721484776586294,0.006649019196629524,0.025087257847189903,True,True,-0.2006403210311955,0.20368926289132722,1.08,-0.2006403210311955,0.20368926289132722,0.97,-0.20064005737362064,0.2036881089481281,1.0682907377552922,-0.20064029964141303,0.2036896141838353,0.9582586961361697,-0.2155987109628044,0.16980411465559214,0.9428191417171788,-0.20102058640973067,0.2040442936071855,0.8992861156650694
benchmark,41,benchmark_init_41,akita_black_bowl_1,glazed_rim_porcelain_ramekin_1,10,False,False,False,True,False,False,False,0.0,1.5246075617752067e-06,0.03721440003763627,0.1100000000000001,0.1100320416191225,0.04353302605093512,1.1836807946155473e-06,0.011709262304536634,0.037039933859841404,0.14209343608967176,3.519431048186436e-07,0.0005202389521038509,1.5246075617752067e-06,3.2041619122402665e-05,0.03721440003763627,-0.06646697394906498,0.0372131100155012,-0.06649901556818738,0.002147374441847205,0.005268530920147896,0.004176076967269182,0.01401918102055788,True,True,-0.1857883725346077,0.18917733173356704,1.08,-0.1857883725346077,0.18917733173356704,0.97,-0.18578810887703284,0.18917617779036794,1.0682907377552922,-0.18578835114482523,0.18917768302607513,0.9582586961361697,-0.20074676246527096,0.1552921834968593,0.9428191417163889,-0.18616863791311422,0.18953236244941485,0.8992861156654538
benchmark,42,benchmark_init_42,akita_black_bowl_1,glazed_rim_porcelain_ramekin_1,10,False,False,False,True,False,False,False,0.0,1.5246075617752067e-06,0.03721440003749661,0.1100000000000001,0.1100320416191225,0.04353302605123599,1.1836807946155473e-06,0.011709262304536634,0.037039933859706366,0.14209343608944694,3.519431048186436e-07,0.0005202389521111228,1.5246075617752067e-06,3.2041619122402665e-05,0.03721440003749661,-0.06646697394876411,0.037213110015361546,-0.06649901556788651,0.002166155958548188,0.005738550331443548,0.006011820863932371,0.020172668620944023,True,True,-0.1924910706418295,0.19052696303850616,1.08,-0.1924910706418295,0.19052696303850616,0.97,-0.19249080698425464,0.19052580909530706,1.0682907377552922,-0.19249104925204702,0.19052731433101425,0.9582586961361697,-0.20744946057280836,0.15664181480208536,0.9428191417165853,-0.19287133602034262,0.19088199375435755,0.8992861156653493
benchmark,43,benchmark_init_43,akita_black_bowl_1,glazed_rim_porcelain_ramekin_1,10,False,False,False,True,False,False,False,0.0,1.5246075617752067e-06,0.03721440003609732,0.1100000000000001,0.1100320416191225,0.04353302605402065,1.1836807946155473e-06,0.011709262304536634,0.037039933858348126,0.14209343608727099,3.519431048186436e-07,0.0005202389521729486,1.5246075617752067e-06,3.2041619122402665e-05,0.03721440003609732,-0.06646697394597945,0.03721311001396231,-0.06649901556510185,0.0020597355905920267,0.005176202394068241,0.006596496794372797,0.016642307862639427,True,True,-0.2025082206334809,0.19438491939326158,1.08,-0.2025082206334809,0.19438491939326158,0.97,-0.20250795697590604,0.19438376545006247,1.0682907377552922,-0.20250819924369842,0.19438527068576966,0.9582586961361697,-0.21746661056642694,0.16049977115919387,0.9428191417184725,-0.20288848601205808,0.19473995010913495,0.8992861156644518
benchmark,44,benchmark_init_44,akita_black_bowl_1,glazed_rim_porcelain_ramekin_1,10,False,False,False,True,False,False,False,0.0,1.5246075617752067e-06,0.037214400037768776,0.1100000000000001,0.1100320416191225,0.04353302605102927,1.1836807946155473e-06,0.011709262304536634,0.03703993385997166,0.14209343608964173,3.519431048186436e-07,0.0005202389521088359,1.5246075617752067e-06,3.2041619122402665e-05,0.037214400037768776,-0.06646697394897083,0.0372131100156337,-0.06649901556809323,0.0020360485650599003,0.0049744658172130585,0.004251287784427404,0.017256222665309906,True,True,-0.18703912600761252,0.19448849736455615,1.08,-0.18703912600761252,0.19448849736455615,0.97,-0.18703886235003767,0.19448734342135704,1.0682907377552922,-0.18703910461783005,0.19448884865706423,0.9582586961361697,-0.20199751593840737,0.1606033491277641,0.9428191417164552,-0.18741939138612146,0.19484352808040867,0.8992861156654259
benchmark,45,benchmark_init_45,akita_black_bowl_1,glazed_rim_porcelain_ramekin_1,10,False,False,False,True,False,False,False,0.0,1.5246075617752067e-06,0.037214400036682055,0.1100000000000001,0.1100320416191225,0.04353302605293341,1.1836807946155473e-06,0.011709262304536634,0.03703993385891593,0.14209343608812716,3.519431048186436e-07,0.0005202389521456824,1.5246075617752067e-06,3.2041619122402665e-05,0.037214400036682055,-0.06646697394706669,0.037213110014547024,-0.06649901556618909,0.0018843603320419788,0.00471349386498332,0.004294056445360184,0.018850388005375862,True,True,-0.2053465100147608,0.18563542579389514,1.08,-0.2053465100147608,0.18563542579389514,0.97,-0.20534624635718596,0.18563427185069603,1.0682907377552922,-0.20534648862497834,0.18563577708640322,0.9582586961361697,-0.22030489994691413,0.1517502775588568,0.942819141717739,-0.2057267753933097,0.18599045650975887,0.8992861156648055
benchmark,46,benchmark_init_46,akita_black_bowl_1,glazed_rim_porcelain_ramekin_1,10,False,False,False,True,False,False,False,0.0,1.5246075617752067e-06,0.0372144000368905,0.1100000000000001,0.1100320416191225,0.04353302605257525,1.1836807946155473e-06,0.011709262304536634,0.0370399338591148,0.14209343608841674,3.519431048186436e-07,0.0005202389521425737,1.5246075617752067e-06,3.2041619122402665e-05,0.0372144000368905,-0.06646697394742485,0.03721311001475546,-0.06649901556654725,0.0020830791909247637,0.0051090349443256855,0.004572076257318258,0.019779885187745094,True,True,-0.19595140669634914,0.204979039752033,1.08,-0.19595140669634914,0.204979039752033,0.97,-0.19595114303877428,0.2049778858088339,1.0682907377552922,-0.19595138530656667,0.20497939104454108,0.9582586961361697,-0.21090979662830264,0.17109389151668908,0.9428191417174927,-0.19633167207489094,0.20533407046789975,0.8992861156649175
benchmark,47,benchmark_init_47,akita_black_bowl_1,glazed_rim_porcelain_ramekin_1,10,False,False,False,True,False,False,False,0.0,1.5246075617752067e-06,0.03721440003828512,0.1100000000000001,0.1100320416191225,0.043533026050085244,1.1836807946155473e-06,0.011709262304536634,0.03703993386047309,0.14209343609039604,3.519431048186436e-07,0.0005202389520916309,1.5246075617752067e-06,3.2041619122402665e-05,0.03721440003828512,-0.06646697394991485,0.037213110016150026,-0.06649901556903726,0.0021996914874762297,0.005348165053874254,0.005004198756068945,0.012885898351669312,True,True,-0.1871827844592909,0.19773961187065203,1.08,-0.1871827844592909,0.19773961187065203,0.97,-0.18718252080171605,0.19773845792745293,1.0682907377552922,-0.18718276306950843,0.19773996316316012,0.9582586961361697,-0.20214117438952,0.16385446363306214,0.9428191417158093,-0.1875630498377802,0.1980946425865004,0.899286115665724
benchmark,48,benchmark_init_48,akita_black_bowl_1,glazed_rim_porcelain_ramekin_1,10,False,False,False,True,False,False,False,0.0,1.5246075617752067e-06,0.03721440003582771,0.1100000000000001,0.1100320416191225,0.04353302605471632,1.1836807946155473e-06,0.011709262304536634,0.03703993385808639,0.14209343608673788,3.519431048186436e-07,0.0005202389521822168,1.5246075617752067e-06,3.2041619122402665e-05,0.03721440003582771,-0.06646697394528378,0.037213110013692714,-0.06649901556440618,0.0019569317810237408,0.00504186050966382,0.003569367341697216,0.016126522794365883,True,True,-0.19823619886423527,0.20064720462154179,1.08,-0.19823619886423527,0.20064720462154179,0.97,-0.1982359352066604,0.20064605067834268,1.0682907377552922,-0.1982361774744528,0.20064755591404987,0.9582586961361697,-0.21319458879758302,0.1667620563879375,0.942819141718954,-0.19861646424282195,0.20100223533741857,0.8992861156642377
benchmark,49,benchmark_init_49,akita_black_bowl_1,glazed_rim_porcelain_ramekin_1,10,False,False,False,True,False,False,False,0.0,1.5246075617752067e-06,0.03721440003606727,0.1100000000000001,0.1100320416191225,0.04353302605414733,1.1836807946155473e-06,0.011709262304536634,0.03703993385832024,0.142093436087177,3.519431048186436e-07,0.0005202389521724547,1.5246075617752067e-06,3.2041619122402665e-05,0.03721440003606727,-0.06646697394585277,0.03721311001393226,-0.06649901556497517,0.002238123444840312,0.0053496756590902805,0.004948596935719252,0.0128563167527318,True,True,-0.21227717535640853,0.21264674730712804,1.08,-0.21227717535640853,0.21264674730712804,0.97,-0.21227691169883367,0.21264559336392894,1.0682907377552922,-0.21227715396662605,0.21264709859963613,0.9582586961361697,-0.22723556528941322,0.1787615990731167,0.9428191417185623,-0.21265744073498608,0.2130017780230003,0.899286115664415
