suite,task_id,language,success,total_reward,steps,checkpoint
libero_spatial,0,pick up the black bowl between the plate and the ramekin and place it on the plate,False,0.0,300,outputs/smolvla_v2_task0_chunk/checkpoint_final.pt
1,0.6427722573280334,0.13583429157733917,-0.1373555064201355,-0.22298337519168854,-0.029614007100462914,-0.9873952865600586
2,0.43247389793395996,0.6683066487312317,-0.19303950667381287,0.006145806983113289,-0.24608686566352844,0.041115108877420425,-0.8706697225570679
3,0.697182834148407,0.13313540816307068,0.2970495820045471,-0.1858355551958084,0.04008734971284866,-0.08318179845809937,-0.8682292699813843
4,0.8718910813331604,0.13870617747306824,0.24996083974838257,0.09826851636171341,0.06655290722846985,0.045579757541418076,-0.25289201736450195
5,0.6104074716567993,0.6495592594146729,0.6258505582809448,0.09780563414096832,0.04475570470094681,-0.2555524706840515,-0.766331136226654
6,0.7566041946411133,0.617016077041626,0.4017224609851837,0.1698877513408661,-0.14137646555900574,-0.11561529338359833,-1.1996570825576782
7,1.2732577323913574,0.208826944231987,0.0847034826874733,-0.06264147162437439,0.16623403131961823,-0.01933184824883938,-0.605051577091217
8,0.7131012082099915,0.3557189106941223,-0.7225794792175293,0.05078628659248352,-0.041792839765548706,0.19779182970523834,-0.8985642790794373
9,0.8446943163871765,0.3067782521247864,-0.036282870918512344,-0.06738056987524033,-0.060154758393764496,-0.06892246752977371,-1.2623859643936157
10,0.40507200360298157,0.026154518127441406,-0.44912829995155334,-0.0846141129732132,-0.04904640093445778,0.11603004485368729,0.11144354939460754
11,0.6532780528068542,0.3921801745891571,-0.18239569664001465,-0.09175748378038406,0.08578154444694519,-0.05458131432533264,-1.19306218624115
12,0.18643803894519806,0.03465525060892105,-0.8257880806922913,-0.07088920474052429,-0.1187605932354927,0.03961601480841637,-1.1428005695343018
13,0.5841664671897888,0.07439152151346207,-1.0932488441467285,-0.02055339701473713,-0.07393339276313782,0.006058910861611366,-0.5612155199050903
14,0.5841916799545288,0.21411541104316711,-0.7619290351867676,-0.004490245133638382,-0.11281648278236389,0.19620639085769653,-0.5487927198410034
15,0.389523446559906,0.09328337013721466,-0.908347487449646,-0.05754968151450157,-0.12036684155464172,-0.10292375087738037,-0.2615245580673218
16,0.094551220536232,-0.04171009361743927,-1.213696002960205,0.07161588966846466,-0.14217114448547363,0.014585498720407486,0.17032092809677124
17,0.41747352480888367,0.26759034395217896,-0.5815399289131165,0.03618815168738365,0.07462091743946075,-0.027451224625110626,-0.6384047269821167
18,0.8989918231964111,0.2651800513267517,-0.41802525520324707,-0.066139355301857,0.09065509587526321,0.09382233768701553,-0.14247868955135345
19,0.2285410314798355,0.20347891747951508,-0.8746415376663208,0.09202584624290466,-0.18091407418251038,-0.008867096155881882,-0.39852696657180786
20,0.9410962462425232,0.2591266632080078,-0.6025257110595703,-0.04506140947341919,0.16928797960281372,0.020626187324523926,0.010289479978382587
21,0.4716646373271942,-0.0023658275604248047,-0.6905913352966309,-0.08082127571105957,-0.05534471198916435,-0.1378735601902008,0.1965426504611969
22,0.22104217112064362,0.2136300802230835,-0.8805059194564819,0.07652734965085983,0.0035524368286132812,0.014463726431131363,-0.6318417191505432
23,0.057592421770095825,0.10139667242765427,-0.381574422121048,0.012326560914516449,-0.0727853924036026,-0.02207460254430771,-0.6407124400138855
24,-0.29935744404792786,-0.032659418880939484,-0.8741568326950073,0.026705961674451828,-0.011185205541551113,0.06341907382011414,0.3255471885204315
25,0.6470715403556824,0.2808728814125061,-0.03960464522242546,0.11352971196174622,0.0808539092540741,-0.06328333914279938,-0.5975061058998108
26,0.150909885764122,-0.02051125466823578,-0.8085312843322754,0.12847763299942017,-0.06423919647932053,-0.020619072020053864,-0.14298787713050842
27,-0.670016348361969,-0.0526256263256073,-1.3920397758483887,-0.00021063163876533508,-0.20154888927936554,-0.12288110703229904,-0.45598331093788147
28,0.07300693541765213,0.1267608106136322,-0.3112448751926422,0.025890270248055458,-0.04429665580391884,0.13906222581863403,0.8506248593330383
29,-0.16985547542572021,0.1255316287279129,-0.618941068649292,0.12140309810638428,-0.04493299499154091,0.0890248715877533,0.015284406021237373
30,0.5542607307434082,0.0016699209809303284,-0.5683563351631165,-0.011605747044086456,0.13080717623233795,-0.0943780392408371,0.6992217898368835
31,-0.18978504836559296,-0.04351570084691048,-0.9689072370529175,0.03246891126036644,-0.21018359065055847,0.011082122102379799,0.7704666256904602
32,0.45190221071243286,0.2910849153995514,-0.1419120728969574,0.021731743589043617,0.0931323692202568,-0.01444319263100624,-0.648384690284729
33,0.23301786184310913,-0.07231860607862473,-0.22663898766040802,0.08794340491294861,-0.05575716122984886,0.17141522467136383,0.7311899662017822
34,0.2829929292201996,0.15576660633087158,-0.0454988032579422,-0.0566302128136158,-0.0036630406975746155,0.014108166098594666,0.35429108142852783
35,-0.13410794734954834,0.11998071521520615,-0.45326051115989685,0.01509111374616623,0.031216325238347054,-0.02926875650882721,0.29589781165122986
36,0.21841445565223694,0.01324198767542839,-0.37899553775787354,0.041025735437870026,-0.010179100558161736,0.011357881128787994,-0.7418534755706787
37,-0.038748402148485184,0.04277641326189041,-0.3761673867702484,0.10345475375652313,0.0539325550198555,0.0778488963842392,-0.29576075077056885
38,-0.3198188841342926,0.04475566744804382,-1.033523678779602,0.13329726457595825,-0.27193576097488403,0.019909804686903954,0.2339620292186737
39,-0.3003818988800049,0.1360998898744583,-1.0129696130752563,-0.009452450089156628,-0.14753033220767975,0.13681457936763763,0.08844920992851257
40,0.27789589762687683,-0.04305875301361084,-0.4378003478050232,0.11989140510559082,0.10129323601722717,-0.08724956214427948,-0.15299460291862488
41,0.1648772656917572,0.2746080756187439,-0.17724883556365967,-0.05720458924770355,-0.10024310648441315,-0.055555667728185654,0.3466394245624542
42,0.29385271668434143,0.2200796902179718,-0.47024062275886536,0.015211899764835835,-0.023833755403757095,0.1520134061574936,-0.9182784557342529
43,0.4402919411659241,0.20596247911453247,-0.5403757095336914,-0.06971562653779984,-0.14550185203552246,-0.056047551333904266,-0.04634618014097214
44,0.7175042629241943,0.17641271650791168,-0.4397249221801758,-0.1285233497619629,0.0876416563987732,-0.19256745278835297,0.02354547008872032
45,0.6597891449928284,0.37733495235443115,-0.08549226075410843,-0.03593132272362709,0.003910137340426445,0.04197433963418007,-0.6330203413963318
46,0.2759648263454437,0.10938095301389694,-0.3651728630065918,0.08498093485832214,0.055789027363061905,-0.13699035346508026,0.1840745210647583
47,0.34206318855285645,0.12124989926815033,-0.48351746797561646,0.0352962501347065,-0.06318560987710953,-0.006392000243067741,-0.07524415850639343
48,-0.09662747383117676,0.19519925117492676,-0.29904305934906006,0.015944400802254677,0.05187912657856941,0.009213087148964405,0.48993173241615295
49,0.34565553069114685,0.013291720300912857,-0.457573264837265,-0.021719785407185555,0.011796778067946434,0.11783535033464432,0.7662816047668457
50,0.6391618847846985,0.16922475397586823,0.4221406579017639,0.14681491255760193,0.03231169283390045,-0.03851322829723358,-0.35436907410621643
51,0.35664528608322144,0.15861691534519196,-0.06016865372657776,-0.01141136884689331,0.028048396110534668,0.00630072271451354,0.012096621096134186
52,0.455628365278244,0.6121246218681335,-0.04380791634321213,0.026058916002511978,-0.06577401608228683,0.05169127136468887,-0.4709511995315552
53,0.3443091809749603,0.0059928931295871735,0.572594165802002,-0.04894892871379852,0.01122240163385868,-0.21512936055660248,0.7978945970535278
54,0.37676510214805603,0.025765541940927505,0.2722403407096863,0.0003077946603298187,0.07687106728553772,-0.10548335313796997,1.2737362384796143
55,-0.16957777738571167,-0.04834061861038208,-0.3994629383087158,0.006638544611632824,-0.06352424621582031,-0.01568949967622757,0.603753387928009
56,0.07162933796644211,0.16208253800868988,-0.546062707901001,-0.02773808315396309,-0.15703974664211273,-0.03649536520242691,0.6700471639633179
57,-0.21227672696113586,-0.19109246134757996,-0.4500715434551239,-0.12621015310287476,-0.01241631992161274,-0.01676126755774021,-0.7072047591209412
58,-0.6053914427757263,0.044255033135414124,-0.5414861440658569,-0.00850692205131054,-0.10175496339797974,0.08475326001644135,-0.4603630006313324
59,0.45212522149086,-0.10854753106832504,0.6249667406082153,-0.05417995899915695,0.11093182861804962,-0.07797916978597641,1.014069676399231
60,0.30823513865470886,0.29702088236808777,0.2345227748155594,0.009226292371749878,-0.0045905448496341705,0.10962020605802536,0.8097172975540161
61,0.18117913603782654,-0.22950318455696106,-0.5104472041130066,-0.16429966688156128,-0.011221025139093399,-0.16416901350021362,1.117039680480957
62,0.36921268701553345,-0.05916554480791092,-0.2729412913322449,0.047941047698259354,0.004605449736118317,0.049947589635849,0.7843250036239624
63,0.4875344932079315,-0.2518134117126465,0.2446766048669815,0.051027558743953705,-0.009524073451757431,0.08014827221632004,1.2804032564163208
64,-0.11482910811901093,-0.07747022807598114,-0.4439833462238312,-0.008847581222653389,-0.17613433301448822,0.03953453525900841,-0.4863722622394562
65,0.7293746471405029,0.3221609890460968,0.7392284274101257,-0.11396461725234985,0.04853539168834686,0.35105839371681213,0.8418090343475342
66,0.44594255089759827,0.1708517074584961,0.19818951189517975,-0.11019086092710495,-0.11655744165182114,-0.2562127709388733,0.9656161069869995
67,-0.16270136833190918,0.22173163294792175,-0.756968080997467,-0.001650090329349041,-0.009094949811697006,0.18344783782958984,0.01674943044781685
68,-0.06960875540971756,0.11303913593292236,0.12039168179035187,-0.08704062551259995,0.07019554078578949,-0.009925197809934616,0.03524452820420265
69,-0.8375856876373291,0.01446487009525299,-0.6718465685844421,-0.02795604057610035,0.05384545028209686,0.1862730234861374,0.7527432441711426
70,-0.10311724245548248,0.030779175460338593,-0.3256262242794037,-0.03205862641334534,-0.0025506196543574333,-0.0016824081540107727,0.07317906618118286
71,-0.7858308553695679,0.04243619740009308,-0.6590635180473328,0.007989955134689808,-0.05397188663482666,0.017680678516626358,-0.04052229970693588
72,-0.17841297388076782,-0.03147144615650177,-0.4353504776954651,-0.044078946113586426,0.03461209684610367,0.1533304750919342,0.22397193312644958
73,-0.4030964970588684,-0.34417369961738586,-0.5349432229995728,0.1230427473783493,-0.18720810115337372,0.05402000620961189,1.4777942895889282
74,0.23488999903202057,0.09835225343704224,0.0857343077659607,-0.1808481514453888,-0.049474336206912994,-0.07921387255191803,0.6143554449081421
75,-0.207795649766922,-0.05900260806083679,-0.7495502233505249,-0.01767796091735363,0.003164224326610565,0.11601874977350235,-0.18584713339805603
76,-0.3080895245075226,-0.10462531447410583,-0.060783110558986664,-0.018030431121587753,-0.0954396203160286,-0.01334737241268158,0.8219962120056152
77,-0.12308865040540695,-0.09101930260658264,-0.6634130477905273,0.06019797921180725,-0.023887349292635918,0.02984609082341194,0.7303635478019714
78,-0.32401663064956665,0.11909087002277374,-0.2192349135875702,0.11127330362796783,-0.06554467231035233,0.10769094526767731,0.2648981511592865
79,0.8044003248214722,0.21162456274032593,-0.5995267033576965,0.002017902210354805,-0.24642245471477509,-0.017954004928469658,0.9939048886299133
80,0.38514742255210876,0.3731047511100769,-0.192162424325943,-0.2210938036441803,-0.32880961894989014,0.09970404207706451,1.0554895401000977
81,0.17478181421756744,0.10081904381513596,-0.19933442771434784,-0.05162853002548218,-0.09303615987300873,-0.06651245802640915,0.6384255886077881
82,0.1720152199268341,0.10730566084384918,0.24515478312969208,-0.005451098084449768,-0.043563924729824066,-0.004963088780641556,0.686421275138855
83,-0.6786981225013733,-0.05645501986145973,-0.7955595254898071,-0.0797041580080986,-0.20468541979789734,0.11632168292999268,1.0963852405548096
84,0.026372939348220825,0.05140998587012291,-0.45736944675445557,0.013207357376813889,-0.09396031498908997,0.08810403943061829,0.9244127869606018
85,-0.22837099432945251,0.02481209486722946,-0.3673593997955322,-0.013553321361541748,-0.01141614280641079,-0.08748368173837662,0.6050610542297363
86,-0.2950117290019989,0.06874223798513412,-0.4071783423423767,-0.02317541092634201,0.0900261402130127,0.08435765653848648,-0.26570847630500793
87,-0.5625259876251221,-0.009063024073839188,-0.8462578058242798,0.14568431675434113,-0.12749071419239044,-0.09909968078136444,-0.4207379221916199
88,-0.642855167388916,0.060505785048007965,-1.4272328615188599,-0.047723524272441864,0.002547508105635643,0.08648192882537842,-0.5911773443222046
89,-0.3685895800590515,0.10860830545425415,-0.41025617718696594,0.00757956225425005,-0.01977851614356041,0.10796400159597397,-0.16476120054721832
90,0.25197112560272217,0.04422622546553612,-0.448521226644516,-0.11199900507926941,-0.07753447443246841,-0.16529399156570435,-0.04762660712003708
91,-0.19906283915042877,0.00045399367809295654,-0.5630785226821899,-0.04646076634526253,-0.13946914672851562,0.014422386884689331,-0.5581192374229431
92,-0.2090766727924347,0.08318287134170532,-0.8657681345939636,0.037181247025728226,0.009763892740011215,-0.23783175647258759,0.37710243463516235
93,0.10452569276094437,0.03949388116598129,-0.00815286859869957,-0.0027913618832826614,-0.10482693463563919,-0.0848841592669487,1.1232776641845703
94,-0.012815780937671661,-0.15416589379310608,0.1196347326040268,-0.06582598388195038,-0.07730942964553833,0.09046953171491623,1.06566321849823
95,-0.16868425905704498,0.09267084300518036,0.04974862188100815,-0.03800487890839577,-0.003191746771335602,-0.16019463539123535,0.6942876577377319
96,0.3178830146789551,0.14502710103988647,-0.328914612531662,-0.23649853467941284,-0.06306486576795578,0.0016109775751829147,0.6594569683074951
97,0.024778885766863823,-0.10666658729314804,-0.0006691012531518936,-0.09716285765171051,0.07137319445610046,-0.10470030456781387,0.8582587838172913
98,0.17022787034511566,-0.04818513244390488,-0.28527840971946716,0.06881257146596909,0.05018874257802963,-0.028571709990501404,-0.39973264932632446
99,-0.1524149626493454,0.10053134709596634,0.1249881386756897,-0.1101345494389534,0.09331837296485901,-0.03405492752790451,0.13492342829704285
100,-0.1712561547756195,0.19039587676525116,-0.38383182883262634,-0.06636303663253784,-0.04323811084032059,-0.010717308148741722,-0.8834034204483032
101,-0.8173201084136963,-0.1344548463821411,-0.9397174715995789,-0.14128845930099487,-0.07125508040189743,-0.005800433456897736,-0.30799803137779236
102,-0.25492703914642334,0.14927613735198975,-0.9214022755622864,-0.11775349080562592,-0.19854836165905,0.08393164724111557,-0.16900686919689178
103,-0.4288625121116638,0.006522407755255699,-0.5693516135215759,0.0813128873705864,-0.02239631861448288,-0.04842224717140198,-0.7443599700927734
104,-0.5165586471557617,-0.07525140047073364,-0.4008359909057617,-0.11753345280885696,-0.08903435617685318,-0.012247294187545776,-1.341509222984314
105,-0.2477920651435852,-0.014173422008752823,-0.9485917687416077,0.02613982744514942,-0.01908123679459095,0.3063146770000458,1.1616982221603394
106,-0.8384867906570435,-0.21090370416641235,-0.47022107243537903,-0.008068147115409374,-0.007337656803429127,0.22635921835899353,-1.0001107454299927
107,-0.404535174369812,0.1694284826517105,-0.6218788623809814,-0.05111217871308327,0.04765931889414787,0.10517801344394684,-0.7680224776268005
108,0.1688838005065918,0.10420830547809601,-0.7154138684272766,0.050448983907699585,0.023466892540454865,-0.08298765122890472,-0.16276946663856506
109,-0.06486885249614716,0.19826048612594604,-0.4584369659423828,-0.1404416859149933,0.03473316878080368,0.004966326057910919,-0.07981596142053604
110,-0.35795605182647705,0.001294802874326706,-0.6811341047286987,0.015608411282300949,0.059526700526475906,-0.015474198386073112,-0.4923165738582611
111,-0.980738639831543,0.3653588891029358,-0.7574485540390015,-0.19328013062477112,-0.02027280069887638,0.4674895107746124,0.9092906713485718
112,-0.9720096588134766,-0.02187148667871952,-0.7414795160293579,0.1254841834306717,-0.2970743477344513,-0.06851692497730255,-0.9560942649841309
113,-0.5674695372581482,-0.06509122252464294,-0.7112263441085815,0.009847866371273994,0.05812493711709976,0.036664389073848724,-0.27745431661605835
114,-0.7216124534606934,-0.04471389949321747,-0.29424598813056946,-0.14621877670288086,-0.09952157735824585,0.06833165884017944,-0.6410343647003174
115,0.13173621892929077,-0.049562472850084305,-0.49888327717781067,0.10495613515377045,-0.11018966138362885,0.26284950971603394,1.4524147510528564
116,-0.7572159767150879,-0.04988544061779976,-0.5573757886886597,0.03456944599747658,-0.14711511135101318,0.17689764499664307,-0.14487415552139282
117,0.3229781687259674,0.13290733098983765,-0.2781544327735901,0.0492279976606369,-0.16513696312904358,0.09973813593387604,-0.16439494490623474
118,-0.21283860504627228,-0.10597063601016998,-0.7354378700256348,-0.05916512757539749,0.09806045144796371,-0.021358832716941833,-0.6218761205673218
119,-0.29959970712661743,-0.07527153939008713,-0.8992922902107239,0.21619850397109985,0.04847254604101181,0.08872084319591522,-0.2918989658355713
120,-0.5062359571456909,0.2397480010986328,-0.7229698896408081,0.18589985370635986,-0.02821992337703705,-0.06510640680789948,-0.5006157159805298
121,-0.7270020246505737,0.019864171743392944,-0.6151362061500549,-0.02067439816892147,-0.15974722802639008,-0.09256424009799957,0.25978273153305054
122,-0.7048314213752747,0.3138659596443176,-1.1730183362960815,0.002721764612942934,-0.05887953191995621,-0.020555507391691208,-0.18219393491744995
123,-0.5839796662330627,0.019655555486679077,-0.3078601062297821,0.030572067946195602,-0.06514522433280945,0.08498607575893402,0.15726009011268616
124,-0.38722532987594604,-0.06517641246318817,-0.7818682789802551,0.012300449423491955,-0.009533470496535301,0.1497724950313568,-0.647357165813446
125,-0.19902536273002625,0.19257064163684845,-0.6484265923500061,-0.13233205676078796,0.02790786884725094,-0.004129096865653992,-0.8816863298416138
126,-0.28045064210891724,-0.25643521547317505,0.047328971326351166,-0.12923870980739594,0.3180025815963745,-0.185448557138443,-0.7714694738388062
127,-0.2630159854888916,0.3273905813694,-0.07109814882278442,-0.0801016092300415,0.02341795340180397,0.09022718667984009,0.2320343405008316
128,0.11848999559879303,0.057645175606012344,0.04625745117664337,-0.21602439880371094,-0.11936971545219421,0.09489085525274277,0.6816052198410034
129,0.18006488680839539,0.19906480610370636,0.4886176586151123,-0.11236073076725006,0.05921176075935364,-0.09239214658737183,0.6362056732177734
130,0.23154637217521667,0.11471822112798691,-0.2114161252975464,-0.03572622314095497,-0.04331138730049133,-0.0552830696105957,1.0969789028167725
131,0.2193807065486908,-0.08935791254043579,-0.11836939305067062,-0.07396140694618225,0.07992413640022278,-0.1372019648551941,0.5058528184890747
132,-0.9794518351554871,-0.21025322377681732,-0.8266280293464661,0.20214378833770752,-0.1392076015472412,0.17010454833507538,-0.4602701663970947
133,-0.5966864228248596,-0.08903767168521881,-0.8816929459571838,0.23693640530109406,0.08919455856084824,0.1318974792957306,-0.8348859548568726
134,-0.2753399610519409,0.21717265248298645,-0.5626089572906494,0.002865259535610676,-0.028185512870550156,0.04587828367948532,-0.7395121455192566
135,-0.8235461115837097,0.08199946582317352,-0.9013689756393433,-0.0032303128391504288,-0.1589653491973877,0.1385699361562729,-0.47257351875305176
136,0.2895177900791168,-0.07313532382249832,0.17635704576969147,-0.14838652312755585,0.00845175702124834,-0.004563998430967331,0.4806714355945587
137,-0.5677781105041504,-0.21150173246860504,-0.8003210425376892,0.03288036584854126,-0.018298670649528503,0.061641767621040344,-0.008635861799120903
138,-0.2897195816040039,-0.09218607097864151,0.08894923329353333,0.008283963426947594,0.0028738006949424744,0.022462178021669388,-0.2687954604625702
139,-0.539376974105835,0.1934605836868286,-0.8026137351989746,-0.10298313945531845,0.02720854990184307,0.06657451391220093,0.15151163935661316
140,0.08723713457584381,-0.18857087194919586,-0.2724139988422394,0.04372614622116089,-0.22762013971805573,0.14104971289634705,0.5310146808624268
141,-0.2151217758655548,0.19890843331813812,-0.8987331390380859,-0.08119434863328934,-0.03830362483859062,0.019224001094698906,-0.07425116002559662
142,-0.12779076397418976,0.04192173480987549,-0.3948850631713867,0.03750082850456238,0.058063339442014694,-0.07372206449508667,-0.28287437558174133
143,-0.3231630027294159,-0.1512778401374817,-0.6930476427078247,0.06921287626028061,-0.12337502092123032,-0.023303918540477753,-0.2865576148033142
144,-0.49883833527565,-0.043542034924030304,-0.4455113112926483,0.017141642048954964,-0.07328946888446808,0.09789951145648956,-0.06905573606491089
145,-0.3738066852092743,0.17621557414531708,-0.04487667605280876,-0.014962216839194298,-0.03957971930503845,-0.06250301748514175,0.687703013420105
146,-0.2600279748439789,0.0326818972826004,-0.5067785978317261,0.06502443552017212,-0.008441700600087643,0.03936067223548889,-0.0860326886177063
147,0.05038385093212128,0.2082272171974182,-0.5061282515525818,0.04977244511246681,0.019633697345852852,0.05727776512503624,0.2441752552986145
148,-0.1812855303287506,-0.05455914884805679,-1.1971720457077026,0.09498383104801178,-0.08193084597587585,0.04565340280532837,-1.0378665924072266
149,-1.1091231107711792,0.2875085771083832,-1.45268976688385,-0.548544704914093,-0.032785478979349136,0.18929696083068848,-0.01678331010043621
150,-0.5467272400856018,0.031681716442108154,-0.3755451738834381,-0.1632477045059204,0.003296727081760764,0.12003821134567261,-0.07684549689292908
151,-0.4208873510360718,0.1028750017285347,-0.7471609711647034,0.039413586258888245,-0.09128114581108093,0.02401489019393921,-0.07916479557752609
152,0.06768128275871277,0.17747297883033752,-0.2999309301376343,-0.047698844224214554,-0.2518346309661865,-0.06293223798274994,0.5022055506706238
153,-0.31347113847732544,-0.022667959332466125,-0.3703603446483612,-0.2122533917427063,0.09439510107040405,0.047841668128967285,0.33861297369003296
154,-0.4305360019207001,0.17352470755577087,-0.5418218374252319,0.015445081517100334,0.028998885303735733,-0.057079680263996124,-0.5211068987846375
155,-0.7529110312461853,0.15647684037685394,-0.37694260478019714,-0.12845897674560547,0.14371585845947266,0.10469125211238861,-0.6894403696060181
156,-0.7285959720611572,-0.15505358576774597,-0.6132495403289795,0.03334524482488632,0.045608919113874435,0.001527741551399231,-0.4253852069377899
157,0.265080988407135,0.13474547863006592,-0.07115022838115692,-0.12051057815551758,-0.03425199165940285,0.11221302300691605,0.0785902589559555
158,-0.7735460996627808,0.006780844181776047,-0.8507248163223267,-0.039389412850141525,-0.031345948576927185,0.13195762038230896,-0.18930219113826752
159,-0.14834316074848175,0.38147062063217163,-0.16858059167861938,-0.05218226835131645,0.07369370758533478,0.21886003017425537,0.9863186478614807
160,-0.2513008117675781,0.14907890558242798,-0.6698545813560486,0.01668194681406021,0.012848308309912682,-0.010033316910266876,-0.26350170373916626
161,-0.29898956418037415,0.023326287046074867,-0.38115665316581726,0.015718333423137665,0.013414653949439526,0.23968040943145752,-0.39566418528556824
162,-0.38246992230415344,-0.07304064929485321,-1.1196926832199097,0.046062350273132324,-0.16528716683387756,0.030651666224002838,-0.9373157024383545
163,-0.01656137779355049,0.5403328537940979,-0.27764004468917847,0.0014697685837745667,-0.27456775307655334,-0.12941277027130127,-1.0233675241470337
164,0.16814637184143066,0.14973513782024384,-0.15996190905570984,-0.018513355404138565,-0.20549997687339783,0.16613727807998657,0.5360627174377441
165,-0.5861666202545166,0.2248976230621338,-0.637614905834198,0.14601603150367737,0.06419607996940613,0.1343996822834015,-0.6757852435112
166,0.10294421762228012,0.07282531261444092,-0.7385709881782532,0.06918001919984818,-0.21271541714668274,0.06291092187166214,-0.5441169142723083
167,-0.5999877452850342,0.024640465155243874,-0.6352890133857727,0.013611625880002975,-0.006327497772872448,0.021712061017751694,-0.785133957862854
168,-0.6973302364349365,0.0014461912214756012,-0.2573174238204956,0.023648712784051895,-0.012787792831659317,0.07321929186582565,-0.4593736231327057
169,-0.9612879753112793,0.06708332151174545,-0.17792057991027832,0.06386160850524902,-0.19953259825706482,0.03648025542497635,-0.7446092963218689
170,-0.6420602798461914,0.2311386913061142,-0.7984319925308228,0.07990262657403946,0.19519317150115967,0.0857926458120346,-1.0723190307617188
171,-0.4680490493774414,0.016666211187839508,-0.9836829900741577,-0.04477403685450554,-0.08745359629392624,-0.039373356848955154,-0.7015618085861206
172,-0.33569204807281494,0.19870859384536743,0.1455782651901245,0.09059227257966995,-0.05910343676805496,0.11746501177549362,0.257025808095932
173,-0.7029255628585815,0.1372823566198349,-0.6782666444778442,0.04626274108886719,-0.29122498631477356,0.07738456130027771,-0.9902296662330627
174,-0.4886183738708496,-0.002227913588285446,-0.9336894750595093,0.17499126493930817,-0.32216203212738037,-0.00537228025496006,-0.8643429279327393
175,-0.6407411098480225,-0.1516011357307434,-1.1593574285507202,0.26982349157333374,0.001669243909418583,0.27958130836486816,-0.28947895765304565
176,0.07344338297843933,-0.19970029592514038,-0.46065276861190796,0.16009479761123657,0.08115319162607193,-0.26621341705322266,-0.8370115160942078
177,-0.11413542926311493,-0.04901176691055298,-0.4332681894302368,-0.04202040657401085,0.28374820947647095,-0.031804680824279785,-1.0421199798583984
178,-0.20226511359214783,0.36029481887817383,-1.188291311264038,0.18899396061897278,-0.22556240856647491,0.3258911967277527,-0.61403888463974
179,-0.6594441533088684,0.1854100078344345,-0.47548264265060425,-0.16884659230709076,-0.12363693863153458,-0.009090200066566467,0.22831428050994873
180,-0.6098079085350037,0.29193440079689026,-0.8443173170089722,0.0526147335767746,-0.234018936753273,-0.05141124129295349,-0.4377937614917755
181,-0.28546252846717834,0.17338231205940247,-1.3503750562667847,0.4142639636993408,0.1437845379114151,-0.006694203242659569,-1.4505417346954346
182,-0.16165420413017273,-0.05130539834499359,-0.8484475016593933,0.03873201087117195,-0.1285635232925415,-0.19791695475578308,-1.2938129901885986
183,0.5805178880691528,0.42003053426742554,-0.13136431574821472,0.039958368986845016,-0.0025065243244171143,-0.15149573981761932,0.05654513090848923
184,0.0948629230260849,0.3253419101238251,-0.6502339839935303,-0.040090009570121765,0.08715716004371643,-0.04595431685447693,-0.732336163520813
185,-0.5045197010040283,-0.024066150188446045,-0.949167013168335,0.13185229897499084,0.24435895681381226,0.11369088292121887,-0.6057535409927368
186,-0.5492124557495117,0.28965234756469727,-0.5892668962478638,-0.05216868594288826,-0.022210821509361267,-0.25444862246513367,-0.8757994174957275
187,0.5717553496360779,0.5082401633262634,-0.024349775165319443,-0.08292773365974426,0.33363401889801025,-0.1408170908689499,-0.4721764028072357
188,-0.7185331583023071,-0.1453760266304016,-0.5089265704154968,-0.03311909735202789,-0.014257142320275307,0.21795880794525146,-1.0030388832092285
189,-1.168142557144165,0.05920429155230522,-0.8591142892837524,-0.018497448414564133,0.07891621440649033,-0.048367079347372055,-1.0793616771697998
190,-0.7742446064949036,-0.045040927827358246,-0.23762963712215424,-0.13626159727573395,0.19991499185562134,0.2651270925998688,-0.7249024510383606
191,0.03653714060783386,0.22300486266613007,-0.7469362020492554,0.045445237308740616,-0.03756288066506386,0.039209265261888504,-0.658976674079895
192,-0.6674053072929382,0.11640843003988266,-0.8241122961044312,0.14830578863620758,-0.20712892711162567,-0.04823125898838043,-0.21460062265396118
193,-0.6620039343833923,-0.01151050440967083,-1.238537311553955,0.13105303049087524,-0.2530266344547272,0.04371575638651848,-0.287285178899765
194,0.05039878934621811,0.02376749739050865,-0.24055545032024384,-0.10499341785907745,-0.047091044485569,0.20726393163204193,0.2822701334953308
195,-0.9792410731315613,0.057541873306035995,-1.1711398363113403,-0.11465759575366974,0.0582130067050457,0.1889454871416092,-0.4566271901130676
196,-0.5782909989356995,-0.2347724735736847,-1.05104398727417,-0.06941148638725281,0.09430812299251556,-0.05674530938267708,-0.27945953607559204
197,-0.8463252186775208,0.013825558125972748,-0.7581909894943237,-0.13016949594020844,-0.02766619250178337,0.16908761858940125,-1.1205439567565918
198,-0.47003576159477234,-0.3425658345222473,-0.2960343360900879,-0.11735869944095612,0.06869921088218689,-0.07859034091234207,-1.4307529926300049
199,-0.5698084831237793,-0.012501017190515995,-0.9462069869041443,0.16457104682922363,-0.036553286015987396,0.08426616340875626,-0.4584193229675293
200,0.15380746126174927,0.3271583318710327,-0.3387681245803833,-0.11663869768381119,-0.048732079565525055,0.047942712903022766,-0.869841992855072
201,-0.09773784130811691,-0.22875559329986572,-0.6916159987449646,0.2633875012397766,0.25201737880706787,0.08862286806106567,-1.0498061180114746
202,-0.620631992816925,0.027814647182822227,-1.569175124168396,0.03450154513120651,0.005208225920796394,-0.09420683234930038,-1.162772536277771
203,-0.6085856556892395,0.3218587040901184,-0.9113520979881287,0.11404366791248322,0.024774594232439995,0.15789856016635895,-0.7664627432823181
204,-0.539509117603302,0.2794662117958069,-0.9987531900405884,-0.06651502847671509,0.11004164069890976,-0.32516229152679443,-0.8330260515213013
205,-0.4360705018043518,0.23943188786506653,-0.33843040466308594,0.02653229422867298,0.08280423283576965,0.04609360173344612,-0.9308381676673889
206,-0.904559850692749,0.14062383770942688,-0.9407154321670532,-0.09156958013772964,0.2797045409679413,0.11522859334945679,-0.6748976707458496
207,-0.5484681129455566,0.05388994142413139,0.28202658891677856,-0.34211301803588867,0.2609585225582123,-0.23933875560760498,-1.2001322507858276
208,-0.14739394187927246,0.03535890951752663,-1.2783746719360352,0.07010754942893982,-0.06013277545571327,0.1321922242641449,-0.8253757953643799
209,-1.092190146446228,-0.0378057099878788,-0.8259928226470947,0.026887383311986923,0.2514054775238037,-0.16163229942321777,-1.0181868076324463
210,-0.9847938418388367,0.31344953179359436,-0.525621235370636,0.05906636267900467,0.10262882709503174,0.1650400459766388,-0.3933459520339966
211,-0.43717509508132935,0.23652614653110504,0.016036272048950195,0.42134565114974976,0.044478677213191986,0.06267784535884857,-1.3982059955596924
212,0.5517091155052185,0.3874319791793823,-0.3723081052303314,-0.23290514945983887,-0.06906255334615707,0.23923924565315247,-0.25328993797302246
213,-0.21587973833084106,0.1918725222349167,-0.3390320837497711,0.022267181426286697,0.048436012119054794,0.0470968522131443,-0.1884312629699707
214,-0.2172158658504486,0.045188359916210175,-0.7802100777626038,-0.057901449501514435,-0.206393763422966,0.00535392202436924,-0.7081233859062195
215,-1.028127908706665,0.18832428753376007,-0.4072250425815582,-0.009223720990121365,-0.11706448346376419,0.09365391731262207,0.23828339576721191
216,-0.28764182329177856,-0.19656455516815186,0.14112955331802368,-0.2750978469848633,0.05864886939525604,-0.018844876438379288,0.521132230758667
217,-0.9068273901939392,-0.13937115669250488,-1.2843838930130005,0.07296741008758545,0.3166605234146118,0.033186398446559906,-1.2403860092163086
218,0.17619892954826355,0.19272491335868835,0.10434779524803162,-0.14141307771205902,0.15492314100265503,0.09725016355514526,0.2837406098842621
219,-0.4081172049045563,0.29409193992614746,-0.7764427661895752,0.04752548411488533,0.014775366522371769,-0.046099208295345306,-1.144320011138916
220,-0.3881934881210327,0.01951640099287033,-0.39512649178504944,0.21749508380889893,0.28729119896888733,0.19758902490139008,-1.1060333251953125
221,-0.06811560690402985,-0.2022867202758789,-0.14971117675304413,-0.35069167613983154,0.229905366897583,0.11828719079494476,-1.057812213897705
222,-0.43548157811164856,0.17407631874084473,-0.5898135900497437,0.06725365668535233,0.4046313166618347,0.40916740894317627,-0.13753293454647064
223,-0.7506103515625,-0.06690025329589844,-0.9180645942687988,0.039271850138902664,0.18001991510391235,0.1404966562986374,-0.6021790504455566
224,-0.83855140209198,-0.012906987220048904,-1.262089490890503,-0.043426722288131714,-0.021337993443012238,0.1854444295167923,-0.6597009301185608
225,-0.5166636109352112,-0.10913313925266266,-0.7211960554122925,-0.03262036666274071,0.029430124908685684,0.1058371365070343,-1.1107579469680786
226,-0.37548893690109253,-0.05157027393579483,-0.9174234867095947,-0.1938035786151886,0.07070593535900116,0.021769512444734573,-1.023856520652771
227,-1.4869757890701294,-0.08069323748350143,-1.5644700527191162,0.2962334156036377,0.17848193645477295,-0.13634660840034485,-0.9197216033935547
228,0.2859368622303009,-0.18913638591766357,-0.1678139567375183,-0.02831350266933441,0.17324146628379822,0.035042814910411835,-0.9745338559150696
229,0.19698114693164825,0.28959307074546814,0.04315372556447983,0.16273632645606995,0.007220841944217682,0.005314681679010391,-0.44596752524375916
230,-0.20261022448539734,0.4361552596092224,-0.8785687685012817,0.36917978525161743,-0.04225887730717659,0.0515347495675087,-0.9206551909446716
231,-0.19267112016677856,-0.1976073980331421,-0.11300896853208542,0.19383680820465088,-0.10820208489894867,-0.392452210187912,-0.5209367871284485
232,-0.30748748779296875,0.08041320741176605,-1.0799070596694946,-0.17163528501987457,-0.14115437865257263,0.04102149233222008,-1.0042998790740967
233,-0.07954803854227066,0.2402891218662262,-0.5654897689819336,0.23233020305633545,0.1164625808596611,0.0759599581360817,-1.2486422061920166
234,-0.1964794546365738,0.3641910254955292,-0.16204911470413208,-0.05399535968899727,0.02816329337656498,0.042763639241456985,0.32603031396865845
235,-0.07697349786758423,0.05442793294787407,-0.6998177170753479,0.0920463278889656,0.12327267229557037,0.05415423959493637,-0.5098368525505066
236,-0.0315411277115345,0.5561345219612122,-1.1093887090682983,0.05392193794250488,-0.07911567389965057,-0.27375584840774536,-0.7778400182723999
237,-0.08599069714546204,0.5969079732894897,-0.7687769532203674,0.12706021964550018,0.0691528469324112,-0.17229324579238892,-1.103177547454834
238,-0.2829281985759735,-0.043501242995262146,-0.7872839570045471,0.23777896165847778,0.22138987481594086,-0.04004679247736931,-1.2394945621490479
239,-0.11799244582653046,0.15673743188381195,-0.7961053848266602,0.08609919250011444,-0.03375380486249924,0.2595314681529999,-1.0619794130325317
240,-0.773962140083313,0.18667180836200714,-0.5548707246780396,-0.23538577556610107,0.012995021417737007,0.05366158112883568,-0.8247750997543335
241,-0.12796905636787415,0.14388422667980194,-0.5953851342201233,0.029812388122081757,-0.07087204605340958,-0.11687957495450974,-0.24866017699241638
242,-0.430921733379364,0.3234027922153473,-0.44726207852363586,-0.19654078781604767,0.33782047033309937,0.1435861885547638,0.5149614214897156
243,-0.5593178272247314,0.03052796982228756,-0.8572179675102234,0.057138826698064804,-0.13390079140663147,-0.1779637336730957,-0.9203140735626221
244,-0.6881046295166016,0.002393539994955063,-0.8338961005210876,-0.032805852591991425,-0.16974669694900513,0.06649252027273178,-1.249526023864746
245,-0.44676345586776733,-0.29885101318359375,-0.810635507106781,0.014385832473635674,0.050650931894779205,-0.10664299130439758,-0.9573470950126648
246,-0.9957895874977112,-0.1789267659187317,-0.7179728150367737,0.0697040855884552,-0.03406601399183273,0.00768963061273098,-1.1291347742080688
247,-0.9131845831871033,0.03810996562242508,-1.0543615818023682,0.025893978774547577,-0.05143613740801811,0.1281965672969818,-0.9550718069076538
248,-0.5966567397117615,0.0838606059551239,-1.0080816745758057,0.06331968307495117,-0.02343147061765194,0.12465710192918777,-0.9669954180717468
249,0.1603478044271469,0.10347522050142288,-0.10772641003131866,0.3084664046764374,-0.24811211228370667,-0.1925402581691742,-1.4037213325500488
250,-0.5064828395843506,-0.02019754983484745,-1.0623998641967773,0.02535349316895008,-0.16160519421100616,-0.015426188707351685,-0.9925471544265747
251,-0.5146634578704834,-0.06675570458173752,-1.0876415967941284,0.09135670959949493,-0.06018069386482239,0.06145269423723221,-1.0658384561538696
252,-0.15872745215892792,0.18434260785579681,0.1566549837589264,0.011878373101353645,0.021940989419817924,0.09168633818626404,-0.020889364182949066
253,-0.6422680020332336,-0.003635738044977188,-1.2488865852355957,-0.14494900405406952,0.07742311805486679,0.3191588521003723,-0.6420716643333435
254,-0.6817263960838318,0.26283466815948486,-0.6576761603355408,-0.24759869277477264,0.08132157474756241,0.26944369077682495,-0.9253814816474915
255,0.05574542284011841,-0.2616277039051056,-0.7779723405838013,0.3389282822608948,-0.0030855191871523857,0.10672350227832794,-1.1877760887145996
256,0.21075491607189178,0.09751328825950623,-0.3274153470993042,0.01964297518134117,-0.11572444438934326,-0.05365411564707756,-0.6310865879058838
257,-0.3824646770954132,0.13508401811122894,0.016737207770347595,0.13830161094665527,0.043207213282585144,-0.21294718980789185,-0.8561315536499023
258,-0.16411414742469788,0.28800907731056213,-0.7513161301612854,-0.023718740791082382,0.15434116125106812,-0.0751679465174675,-0.9058250188827515
259,0.016688643023371696,0.4144822955131531,-0.26439711451530457,-0.10448678582906723,0.00309811532497406,-0.1770825982093811,0.26600897312164307
260,-0.34933558106422424,0.19475384056568146,-0.8361880779266357,-0.0652652457356453,-0.005257381126284599,-0.11018387228250504,-1.0786875486373901
261,0.26207610964775085,0.27353808283805847,-1.2269121408462524,0.029174169525504112,-0.020240219309926033,-0.04393131285905838,-1.0863476991653442
262,0.22263380885124207,0.12686856091022491,-0.9508978128433228,-0.09140647202730179,-0.041556794196367264,0.2769355773925781,-1.2392349243164062
263,-0.020120689645409584,0.07228595018386841,-1.195611596107483,0.03528061509132385,-0.1368643343448639,-0.010871305130422115,-0.8063323497772217
264,0.28212764859199524,0.011182799935340881,-0.5543873906135559,-0.08779232949018478,0.1344260424375534,-0.2250068187713623,-1.2366000413894653
265,-0.6255100965499878,0.3265872299671173,-1.4754157066345215,-0.07695157080888748,-0.213387593626976,-0.010693186894059181,-1.1839011907577515
266,-0.2634684443473816,-0.0752536952495575,-1.072967767715454,0.07320231199264526,-0.07121970504522324,0.04068196564912796,-0.010031670331954956
267,-0.40677037835121155,0.2687337100505829,-0.9871550798416138,0.0491146594285965,-0.02315758541226387,-0.10232143104076385,-1.240014672279358
268,0.16560044884681702,0.2184934765100479,-0.24724620580673218,-0.03678123652935028,0.16531836986541748,-0.018344353884458542,-0.631355345249176
269,0.16117283701896667,0.29709139466285706,-0.5042452812194824,-0.053301360458135605,0.17414548993110657,0.009262118488550186,-0.2512056827545166
270,-0.11616694182157516,0.05261770635843277,-0.3788367211818695,-0.03475094959139824,0.2664738893508911,-0.06315533816814423,-0.41865265369415283
271,0.18051773309707642,0.3844850957393646,-1.204980731010437,0.04584473744034767,0.16010229289531708,0.011133801192045212,-0.7183287739753723
272,0.6009514331817627,-0.1297217458486557,0.0006334222853183746,-0.06157589703798294,0.07882927358150482,0.0435778871178627,-0.035750485956668854
273,-0.9757537841796875,-0.11587424576282501,-0.9507899284362793,0.053372129797935486,-0.07373955845832825,0.3728475868701935,-0.29052120447158813
274,-0.5332838892936707,0.2819109559059143,-0.954451322555542,0.1146533414721489,-0.01705637201666832,0.0977848470211029,-0.9835807085037231
275,-0.0718136578798294,-0.24171006679534912,-0.8518208265304565,0.27826279401779175,0.10634645819664001,0.2339930534362793,-0.6440377235412598
276,0.05623596906661987,0.09391244500875473,-0.6448808908462524,-0.08992880582809448,0.17758893966674805,0.06259525567293167,-0.9402239322662354
277,0.18759509921073914,0.26364609599113464,-0.008077777922153473,0.2198660522699356,0.028125878423452377,-0.05270623415708542,-0.8265612125396729
278,0.19074994325637817,0.2916058897972107,-0.49943214654922485,-0.08782026916742325,-0.1268724799156189,-0.18467843532562256,-1.0298501253128052
279,-0.3567580580711365,0.14526963233947754,-0.6556806564331055,0.16438214480876923,-0.16767092049121857,-0.1583838164806366,-1.0837836265563965
280,0.30296313762664795,0.09005801379680634,-0.06638911366462708,-0.06192293390631676,0.15875539183616638,0.1457657516002655,1.0141267776489258
281,-0.46151211857795715,0.06235908344388008,-1.0910847187042236,0.016698786988854408,-0.0838622972369194,0.10832566767930984,-0.7760193943977356
282,0.28065788745880127,0.24570472538471222,-0.3960191607475281,0.07583478093147278,-0.17483676970005035,-0.11041989922523499,-1.11427640914917
283,-0.19813106954097748,0.15448376536369324,-0.5980929732322693,-0.21675404906272888,0.1494581550359726,-0.2466149628162384,-0.9607356786727905
284,0.10441670566797256,0.10932347923517227,-0.20961031317710876,-0.09136942028999329,0.029747374355793,-0.041875459253787994,-0.22028367221355438
285,-0.23142948746681213,0.15574400126934052,-0.7625815868377686,0.14075879752635956,0.21294620633125305,-0.14473921060562134,-1.2127809524536133
286,0.6469228863716125,0.3425443768501282,-0.16365191340446472,-0.05199219286441803,0.13264036178588867,0.04817990958690643,-0.6387373805046082
287,0.1564330756664276,0.008608393371105194,-0.8555689454078674,-0.05855697765946388,-0.008597329258918762,0.004601174965500832,-0.3711795210838318
288,0.15686464309692383,0.28508326411247253,-0.4486275613307953,0.013844281435012817,0.10941331833600998,0.13389325141906738,-0.9596153497695923
289,-0.6831750869750977,-0.10163025557994843,-0.8739044666290283,0.022596463561058044,0.07043620944023132,0.16922502219676971,-0.15397348999977112
290,0.07424633204936981,0.014929547905921936,0.007565867155790329,-0.03799505531787872,0.10489040613174438,-0.042617317289114,0.02929982915520668
291,-0.5310407280921936,-0.008119232952594757,-1.2194327116012573,0.010623406618833542,0.06217152997851372,0.14866527915000916,-0.5223631262779236
292,0.07835068553686142,0.4931367039680481,-0.3983645439147949,-0.15758496522903442,0.4749698042869568,0.06138581037521362,-0.16645562648773193
293,-0.5373331308364868,-0.009949732571840286,-0.8243309855461121,0.04500678554177284,-0.1391523778438568,0.01602102443575859,-1.0134745836257935
294,-0.18664884567260742,0.08771094679832458,-0.519893229007721,0.2832115590572357,0.13472066819667816,0.13686610758304596,-1.363376498222351
295,-0.2202475219964981,0.024772100150585175,-0.26749899983406067,-0.09433214366436005,-0.056136615574359894,-0.05807296186685562,-0.7320353388786316
296,-0.11533903330564499,0.15295761823654175,-1.214104413986206,-0.12470725178718567,0.2611957788467407,-0.06506837904453278,-0.9700153470039368
297,-0.3599139451980591,0.09171868860721588,-0.7336866855621338,0.09071631729602814,-0.17826053500175476,0.20678125321865082,-0.8680663108825684
298,-0.38317638635635376,0.314834862947464,-0.7772296071052551,0.1501430869102478,0.25139254331588745,-0.08962637186050415,0.3405900001525879
299,-0.325490266084671,0.4272167682647705,-0.4619678258895874,0.1628979742527008,-0.1111409142613411,0.02747362107038498,-0.13100844621658325
