step,action_0,action_1,action_2,action_3,action_4,action_5,action_6
0,0.4170972406864166,-0.15697509050369263,-0.19720856845378876,-0.0055536068975925446,0.29258835315704346,-0.010164936073124409,-1.4827240705490112
1,0.820232093334198,0.3065115213394165,-0.43317580223083496,0.9554855823516846,-0.04839283972978592,0.18806427717208862,-1.2129168510437012
2,0.36215510964393616,-0.18125395476818085,0.8280435800552368,-0.01696944423019886,0.26917439699172974,-0.22586895525455475,-0.5585696697235107
3,0.7261545658111572,0.5094146132469177,0.5487060546875,0.006342409178614616,0.35399261116981506,0.1197769045829773,-0.936251699924469
4,0.06412766873836517,0.2859973609447479,-1.2383593320846558,-0.07854320108890533,0.03225916996598244,-0.029326332733035088,-0.41315650939941406
5,1.0910019874572754,0.5443009734153748,-0.004926793277263641,-0.14681950211524963,0.08755217492580414,-0.03990079462528229,-0.5540812611579895
6,0.11611488461494446,0.1186382994055748,-0.17153963446617126,-0.1834528148174286,-0.14291973412036896,-0.1608428955078125,-1.0010690689086914
7,-0.007182277739048004,-0.005690835416316986,-0.22069774568080902,-0.10687962174415588,-0.46005937457084656,-0.6248066425323486,-0.8129807710647583
8,1.195509910583496,0.5218998193740845,0.3979455530643463,-0.007153347134590149,0.029990874230861664,-0.11450468003749847,-0.6825618147850037
9,0.9750548601150513,0.5082820653915405,0.13324414193630219,-0.19394607841968536,-0.030591437593102455,0.04654461517930031,-0.595833957195282
10,0.8869879245758057,0.7605813145637512,0.16138477623462677,0.1477084904909134,-0.21847131848335266,-0.13971637189388275,-1.0694074630737305
11,0.6849085092544556,0.31407278776168823,0.012695723213255405,0.23078766465187073,-0.4921966791152954,0.21388036012649536,-1.2817953824996948
12,1.0526542663574219,0.6938281655311584,-0.1091974675655365,0.0028652269393205643,0.05042296648025513,0.16104336082935333,-1.2270426750183105
13,0.6043428182601929,0.59422767162323,0.18233901262283325,-0.11611390113830566,-0.3253193497657776,0.3091515898704529,-0.3886330723762512
14,0.8070535659790039,0.2509646415710449,0.222239151597023,-0.08169936388731003,-0.048215366899967194,-0.060545146465301514,-0.39281660318374634
15,0.41106104850769043,0.050703585147857666,-0.9233440160751343,0.11568509042263031,-0.126980721950531,0.026474520564079285,-1.3983100652694702
16,0.2640873193740845,0.520382285118103,-1.759931206703186,-0.5153307914733887,-0.16354483366012573,0.08697007596492767,-1.244210124015808
17,0.4815021753311157,0.36730411648750305,-0.41441574692726135,0.013244282454252243,-0.06807393580675125,0.30943602323532104,-1.0606881380081177
18,0.5364742279052734,0.4000425934791565,-1.1461482048034668,0.03181148320436478,-0.06170797348022461,0.23019760847091675,-0.8791695237159729
19,0.45945772528648376,0.36711859703063965,-0.09546031802892685,-0.3988981246948242,-0.09534408152103424,-0.12003251910209656,0.48902738094329834
20,0.6279820203781128,0.463364839553833,-0.7478658556938171,-0.08802555501461029,-0.17310602962970734,0.1618940383195877,-1.1406201124191284
21,0.5258500576019287,0.48517438769340515,-0.6392172574996948,0.175397127866745,-0.2818167209625244,0.004363724961876869,-0.29901108145713806
22,0.6800580024719238,0.3932013511657715,-0.8315252065658569,-0.041769322007894516,0.14271630346775055,-0.08674190193414688,-0.8516911268234253
23,0.7956036329269409,-0.20277605950832367,-0.19961103796958923,0.06813634932041168,-0.09461274743080139,0.3854660987854004,-0.6642792224884033
24,0.8678539991378784,0.33399084210395813,-0.2270912379026413,-0.11325852572917938,-0.10004489123821259,-0.015052537433803082,-0.39161908626556396
25,-0.6445791721343994,0.740730345249176,-0.8167714476585388,0.013861767016351223,-0.42464175820350647,-0.18666277825832367,-1.154451847076416
26,0.3234165906906128,0.5114837288856506,-0.4494093060493469,-0.006434871349483728,0.018894143402576447,-0.22350549697875977,-0.2609637975692749
27,0.5313485860824585,0.27086153626441956,-0.28202664852142334,-0.011575051583349705,-0.22459711134433746,-0.04376785084605217,0.025350093841552734
28,0.10975639522075653,0.06239137053489685,-0.4950979948043823,0.10496221482753754,0.3711583614349365,-0.3948158323764801,-0.2719500958919525
29,1.0471346378326416,0.08014190942049026,-0.42021164298057556,0.08948075771331787,-0.4155300557613373,0.2230464518070221,0.6827376484870911
30,0.6266981363296509,0.6152196526527405,-0.9100236296653748,0.1525784730911255,0.24484270811080933,-0.08082518726587296,-0.4574466943740845
31,-0.20927515625953674,0.04722992330789566,-0.9445181488990784,0.4654805660247803,-0.12445109337568283,-0.2625412940979004,-1.1451730728149414
32,0.7861917018890381,0.15963803231716156,-0.02120789885520935,-0.2801319360733032,-0.0912652239203453,0.03154262155294418,0.09068399667739868
33,-0.1366998255252838,0.2681466042995453,-0.8838077187538147,-0.010330394841730595,0.13083738088607788,0.03803997114300728,-1.0275490283966064
34,-0.08291372656822205,0.16226232051849365,-0.9720942378044128,0.05744121968746185,-0.049597129225730896,0.0963742733001709,-0.22257211804389954
35,-0.2945292592048645,0.24697139859199524,-0.3211023211479187,0.006679549813270569,0.0794021487236023,0.09862349927425385,-0.5713344216346741
36,0.3543688952922821,0.42629653215408325,-0.6741771101951599,0.5621197819709778,-0.04680804908275604,0.16655243933200836,-1.1512919664382935
37,0.5139897465705872,0.049436867237091064,-1.0016571283340454,-0.04066184163093567,-0.41605210304260254,-0.09324262291193008,-0.1561119258403778
38,0.7027589082717896,0.7953108549118042,-0.7288089990615845,0.16959060728549957,0.022141508758068085,0.1444518268108368,-1.223159670829773
39,-0.3164060711860657,0.16178035736083984,-1.191059947013855,-0.19533202052116394,-0.3788449764251709,-0.049928683787584305,0.18708166480064392
40,0.22405169904232025,0.3326367735862732,-1.2377588748931885,0.04066234454512596,-0.03381212800741196,0.1252269744873047,-0.8718480467796326
41,-0.3434235155582428,0.03551992028951645,-0.6927022337913513,-0.08755984902381897,-0.31353116035461426,0.24310152232646942,-0.7247191667556763
42,-0.7606298923492432,0.3214899003505707,-0.9019543528556824,0.19905133545398712,-0.11212068796157837,0.23999620974063873,-0.4744235575199127
43,0.4047609567642212,0.185825914144516,-0.10659774392843246,-0.050711531192064285,0.0557679682970047,0.28891438245773315,-0.0270401518791914
44,-0.31894612312316895,0.5962440371513367,-0.885535717010498,0.19666457176208496,-0.2251286506652832,-0.09111206978559494,-0.6248403191566467
45,-0.12548387050628662,0.0834486186504364,-0.7634373307228088,0.15958303213119507,-0.4326891601085663,0.18887411057949066,0.4194149971008301
46,-0.18765081465244293,-0.2711188793182373,-0.6368879675865173,-0.022858478128910065,-0.09229880571365356,0.1035429909825325,-0.6810662746429443
47,-0.13059692084789276,0.08374878019094467,-0.6816601157188416,-0.005579331424087286,0.12876483798027039,0.08695843070745468,0.07141122967004776
48,0.23532631993293762,0.047957055270671844,-0.38509422540664673,-0.29512786865234375,-0.10712425410747528,-0.04050575569272041,0.7103009819984436
49,-0.20363041758537292,-0.0881287008523941,-0.6236492395401001,-0.024602679535746574,0.046860210597515106,-0.11848104745149612,0.07207710295915604
50,-0.3408186435699463,-0.08435484766960144,-1.0368666648864746,0.17908687889575958,-0.2878611981868744,-0.15939286351203918,0.24141661822795868
51,0.39372918009757996,0.23191867768764496,-0.47517529129981995,-0.10406515002250671,-0.24386821687221527,0.046516500413417816,0.17273542284965515
52,-0.07922147959470749,-0.1673031449317932,-0.0264919251203537,0.04072751849889755,-0.16972056031227112,0.0476531907916069,0.34075358510017395
53,0.01911735348403454,0.35472622513771057,-0.5458463430404663,0.1319844126701355,-0.05177803337574005,-0.2471662163734436,0.052425362169742584
54,-0.2502504587173462,0.34705299139022827,-0.8005337715148926,-0.03216380625963211,-0.1745813488960266,0.37609121203422546,-0.019852856174111366
55,-0.42060723900794983,0.19806256890296936,-0.9439241886138916,0.3479394316673279,-0.1832514852285385,0.04115847498178482,-0.4904337525367737
56,-0.4529687166213989,0.42151954770088196,-1.303096890449524,-0.007218698039650917,0.01053725928068161,0.0059532299637794495,0.27130094170570374
57,0.032723069190979004,0.15594515204429626,-0.5900755524635315,0.14885228872299194,-0.23643894493579865,-0.11044571548700333,0.1514168530702591
58,-0.22790291905403137,-0.11585219204425812,-0.10074581950902939,-0.2820809781551361,0.0127689428627491,0.015564246103167534,1.178125023841858
59,0.2617679834365845,0.17861032485961914,-0.1700967401266098,0.16854535043239594,0.1419927477836609,0.2870035469532013,0.30352866649627686
60,-0.1785585880279541,-0.04208522289991379,-0.633095920085907,0.14116568863391876,-0.01986372470855713,0.14635488390922546,0.8809576034545898
61,-0.8231735825538635,-0.042397160083055496,-1.7641382217407227,0.29196566343307495,0.06813192367553711,0.008289633318781853,0.11770707368850708
62,-0.8499965071678162,-0.1577308177947998,-1.5089715719223022,0.21466940641403198,-0.03606802970170975,-0.19067290425300598,-0.09204201400279999
63,-0.4904668927192688,0.382446825504303,-0.4768199324607849,0.036602724343538284,0.028440166264772415,0.1905805766582489,-0.5513248443603516
64,-0.2431405782699585,-0.09975843131542206,-0.4527703523635864,0.0783681645989418,-0.023353803902864456,0.22582048177719116,0.27521756291389465
65,0.3818187713623047,0.38183504343032837,-0.6482858061790466,0.30993616580963135,-0.060446370393037796,0.28303512930870056,-0.8471068739891052
66,-0.5970082879066467,0.1331794261932373,-0.4852284789085388,0.10937730222940445,0.2628406584262848,0.1600942313671112,0.40327513217926025
67,-0.13639254868030548,0.17235545814037323,-0.9074175953865051,0.1914014369249344,-0.23683425784111023,0.12301506102085114,-0.5250644683837891
68,0.3954594135284424,0.2280336171388626,-0.42307376861572266,0.15633118152618408,-0.06780771911144257,0.07486729323863983,0.21014617383480072
69,-0.5306456089019775,-0.2526826858520508,-1.2469370365142822,0.4073314666748047,-0.20817074179649353,0.009833863005042076,0.2675779461860657
70,-0.2516050934791565,0.09273167699575424,-1.167816400527954,0.1727505326271057,-0.05919763445854187,0.17724353075027466,-0.35349854826927185
71,-1.0659910440444946,0.09900106489658356,-0.8141448497772217,0.10714023560285568,0.06430307030677795,0.26040053367614746,-0.7613511681556702
72,-0.20612086355686188,-0.002952180802822113,-0.5597050189971924,-0.17206573486328125,-0.20263752341270447,0.3585847020149231,-0.5731308460235596
73,-0.2533765137195587,0.3629281520843506,-0.008555300533771515,-0.01073596440255642,0.08919938653707504,0.18444472551345825,0.6360615491867065
74,-0.23703421652317047,-0.010330155491828918,-0.6457944512367249,-0.050674136728048325,0.19910061359405518,-0.00527745857834816,-0.10201363265514374
75,-0.3065679669380188,0.3761481046676636,-1.1036357879638672,-0.0379350371658802,0.2530937194824219,-0.0026881564408540726,-0.46547794342041016
76,-0.45437970757484436,0.2340012788772583,-0.7986342906951904,-0.15664216876029968,-0.11252239346504211,-0.0006921403110027313,0.6541494131088257
77,0.005409181118011475,0.05874279886484146,-0.9858757853507996,-0.053634680807590485,0.1226174384355545,0.08973227441310883,-0.8517355918884277
78,-0.38847386837005615,-0.329673707485199,-0.9781650304794312,-0.05228796601295471,-0.16410568356513977,-0.20361453294754028,-0.33011746406555176
79,-0.133017897605896,0.21695515513420105,-0.021631509065628052,-0.007328208535909653,-0.026026591658592224,0.12017207592725754,-0.2554541826248169
80,0.07175374776124954,0.1468791961669922,-1.0866072177886963,-0.21594008803367615,0.3902634084224701,-0.02290618047118187,-0.27919045090675354
81,-0.5261431932449341,0.2247254103422165,-0.9501098394393921,0.3278725743293762,0.17057889699935913,0.1366514414548874,-0.08549456298351288
82,0.2544674873352051,-0.2803766429424286,-0.83359295129776,0.3571511507034302,-0.26525217294692993,0.2345648854970932,-0.4573594033718109
83,0.3033404052257538,0.2766075134277344,-0.2755793333053589,0.0903497189283371,-0.4205167293548584,0.27847036719322205,-0.01710156351327896
84,0.3860643208026886,0.1442275047302246,-0.9648436307907104,-0.05019638314843178,-0.09711051732301712,0.00332859018817544,0.11786270141601562
85,0.1587514579296112,0.5199809670448303,-0.29160693287849426,-0.2584596872329712,-0.021774176508188248,0.020522620528936386,-0.10218220949172974
86,-0.050317879766225815,0.6559895277023315,-0.8977747559547424,-0.1360088586807251,-0.0006061084568500519,0.11528121680021286,-0.3480040729045868
87,-0.3625885546207428,0.012401245534420013,-0.7778118252754211,0.19415195286273956,-0.03476318344473839,-0.10488825291395187,-0.4220147430896759
88,-0.07254356145858765,0.41693615913391113,-0.964557945728302,0.15579277276992798,0.06636841595172882,0.07156537473201752,-0.32754218578338623
89,-0.3702038824558258,0.2345820516347885,-0.7312269806861877,0.07044224441051483,0.03516485169529915,-0.0797305479645729,-0.6535168290138245
90,0.06045304238796234,0.28866979479789734,-0.43736469745635986,-0.05939795821905136,-0.16066329181194305,0.2893390357494354,-1.100519061088562
91,0.17072094976902008,0.4108414351940155,-1.037658929824829,0.21601051092147827,-0.021662864834070206,0.31559503078460693,-0.8458015322685242
92,0.4142761528491974,0.41532111167907715,-0.5289838910102844,-0.05147673189640045,-0.2576342523097992,-0.0518898069858551,-0.2387579083442688
93,0.7993640303611755,0.33789244294166565,-0.48145046830177307,-0.2889144718647003,-0.10265728831291199,0.2912285327911377,-0.49888771772384644
94,-0.09226864576339722,0.19728320837020874,-0.8676464557647705,0.20130589604377747,0.003620542585849762,-0.22266170382499695,-0.5708158612251282
95,-0.11095334589481354,-0.022956065833568573,-1.1828075647354126,0.1208469346165657,-0.17301583290100098,-0.12762996554374695,-0.584351658821106
96,0.061911724507808685,0.12073060125112534,-0.5703504085540771,-0.036706455051898956,0.051350176334381104,0.007500283420085907,0.0803241953253746
97,0.40435004234313965,0.3055546283721924,-0.4719339609146118,0.13854900002479553,-0.300214946269989,-0.009253577329218388,0.06270912289619446
98,0.6380864381790161,0.6881498098373413,-0.46665158867836,-0.09872908890247345,-0.27140653133392334,0.2821110486984253,-0.1566447913646698
99,0.4385394752025604,0.2556297183036804,-0.6180219650268555,0.1766716092824936,-0.04422226920723915,-0.10769829899072647,-0.3620385527610779
100,0.92830491065979,0.3813326954841614,-0.12293779850006104,0.13412465155124664,0.04268038272857666,0.17418645322322845,-0.12736177444458008
101,0.7186923623085022,0.5069239139556885,-0.1299252212047577,0.1512266993522644,-0.05513106286525726,-0.07357445359230042,0.3197265863418579
102,1.134226679801941,0.1579148769378662,0.36597228050231934,-0.008237330242991447,-0.06293059140443802,-0.0004736967384815216,-0.03961515799164772
103,0.3662504553794861,0.7818576097488403,-0.5599502921104431,0.05613742768764496,0.1726394146680832,0.3140701651573181,-0.3205200135707855
104,0.6488054394721985,-0.09882757067680359,0.568516194820404,0.05903148278594017,0.12852734327316284,0.10779056698083878,0.1848793625831604
105,0.9155779480934143,0.7117303609848022,0.14742444455623627,0.19520780444145203,-0.004817448556423187,0.4454253613948822,-0.027917498722672462
106,0.6732000708580017,0.9458996057510376,0.14624528586864471,-0.3787372410297394,-0.5888266563415527,-0.0965055301785469,0.18347202241420746
107,0.060058027505874634,0.1719626635313034,0.5770600438117981,-0.12424808740615845,-0.5862089991569519,-0.12191354483366013,-0.12592479586601257
108,0.13173265755176544,-0.22044338285923004,0.7636190056800842,-0.19207215309143066,-0.06390739977359772,-0.06282013654708862,0.34007468819618225
109,0.8172924518585205,0.7857901453971863,0.896232545375824,-0.5252147316932678,-0.28075867891311646,0.06939510256052017,-0.9290185570716858
110,-0.556431233882904,0.1887415647506714,-0.2113695591688156,0.23744642734527588,-0.06668448448181152,-0.13526016473770142,0.17143504321575165
111,0.5451903343200684,0.10470165312290192,0.2431483268737793,0.14456327259540558,0.0649489238858223,-0.2482081949710846,0.03081383928656578
112,0.4089101254940033,0.419220894575119,0.5368112921714783,-0.05899850279092789,-0.14084646105766296,-0.16533538699150085,-0.4746197760105133
113,0.0020674914121627808,-0.2796626687049866,0.8808603882789612,0.27383434772491455,-0.3264327645301819,-0.13834787905216217,0.19389283657073975
114,-0.00012290850281715393,-0.36382633447647095,0.12416354566812515,-0.019121600314974785,-0.007375359535217285,-0.20154762268066406,0.06621803343296051
115,-0.41703659296035767,0.45866677165031433,0.02337305247783661,0.2677866816520691,0.04835272580385208,-0.13686566054821014,-0.2653159499168396
116,0.7728967666625977,0.3007251024246216,0.25706419348716736,0.04514368623495102,0.2399720847606659,-0.15056179463863373,0.37403059005737305
117,0.4195730984210968,0.49350106716156006,-0.04952564090490341,0.18868879973888397,0.17440900206565857,-0.1516714096069336,0.035918429493904114
118,0.21003106236457825,0.6349174380302429,0.8546963334083557,0.17465531826019287,0.2914045453071594,0.01215332094579935,0.013188272714614868
119,0.6712691783905029,0.5338480472564697,0.7040050029754639,-0.19505557417869568,-0.0330406054854393,-0.08335438370704651,-0.3623191714286804
120,0.44191300868988037,0.16739550232887268,0.3494738042354584,-0.18480055034160614,0.04813442379236221,-0.19145044684410095,0.04914501681923866
121,0.10795989632606506,0.5048418045043945,0.8950849175453186,0.2115621566772461,-0.305297315120697,-0.33418726921081543,-0.29340770840644836
122,0.050530072301626205,0.15560245513916016,0.07470035552978516,-0.38262319564819336,-0.03489326313138008,-0.3563368320465088,-0.30990105867385864
123,0.5199159979820251,0.29459837079048157,0.7684749364852905,0.26554033160209656,-0.35111746191978455,0.15187248587608337,-1.042538046836853
124,-0.34239983558654785,-0.4040062129497528,1.6062906980514526,0.12986835837364197,-0.33017346262931824,0.015266485512256622,-0.16991648077964783
125,0.5297186374664307,0.2854464054107666,0.5707326531410217,0.13048286736011505,0.06262490153312683,-0.4434482753276825,0.18487587571144104
126,0.5278440713882446,0.04767893999814987,1.542041540145874,0.026175301522016525,0.1301473081111908,-0.02028326876461506,-1.289372444152832
127,-0.15827777981758118,-0.26669126749038696,0.5930687785148621,0.05910405516624451,-0.301883339881897,-0.49926841259002686,-0.4407675266265869
128,-0.2498595118522644,0.0757436528801918,0.945521891117096,0.21926072239875793,-0.29343920946121216,-0.22133998572826385,-0.9496726989746094
129,-0.5861122012138367,0.07021470367908478,0.662167489528656,-0.038036003708839417,0.05919025093317032,-0.46358707547187805,0.04868478327989578
130,-0.415025532245636,0.37032943964004517,0.1044975072145462,0.5078935623168945,-0.0415632501244545,-0.4252072870731354,-0.5969675183296204
131,-0.19995038211345673,0.385836660861969,0.8630635738372803,0.23404903709888458,-0.07657390832901001,-0.13051462173461914,-1.0130946636199951
132,-1.2267488241195679,0.20205757021903992,0.37687787413597107,-0.4323107600212097,-0.15648294985294342,-0.6355082988739014,-0.30990609526634216
133,-0.7229083776473999,0.5002427697181702,0.34843116998672485,0.15525823831558228,-0.6375848054885864,0.08571626991033554,-0.2792660593986511
134,-1.300887107849121,0.4282657504081726,1.2311025857925415,0.24626238644123077,-0.4754684865474701,-0.21560616791248322,-1.0493664741516113
135,-0.6232152581214905,0.14486774802207947,1.2176389694213867,0.06025005504488945,0.5910418033599854,-0.18106189370155334,-0.2498466819524765
136,-0.03453689441084862,0.25228747725486755,1.102858304977417,-0.18550805747509003,-0.1374918520450592,-0.14616307616233826,-1.635380744934082
137,-1.2261154651641846,0.04779166355729103,0.5714198350906372,0.19750802218914032,-1.0638148784637451,-0.09904405474662781,-0.22770321369171143
138,-0.7236708402633667,0.14682888984680176,0.1116047203540802,-0.23754143714904785,-0.11118993163108826,-0.9264518022537231,-0.4858919084072113
139,-0.709477424621582,0.566702127456665,0.6051698923110962,-0.08823190629482269,0.10589909553527832,-0.4799421727657318,-1.0815887451171875
140,-0.2815226912498474,0.003063291311264038,0.5395359992980957,-0.5270909667015076,-0.14659720659255981,-0.31623199582099915,-1.2117018699645996
141,0.34478315711021423,-0.4321356415748596,0.7890169620513916,-0.48406726121902466,-0.5017649531364441,0.06588555127382278,-1.0668553113937378
142,0.0520053431391716,0.01302378624677658,0.6904447674751282,-0.5342066287994385,-0.04505733400583267,-0.3932564854621887,-0.6249498128890991
143,0.95169997215271,0.2925827205181122,0.5228134989738464,0.05929390341043472,0.3063874840736389,-0.4759179949760437,-0.49015316367149353
144,0.42657843232154846,-0.006187692284584045,0.16197988390922546,-0.9291964173316956,-0.34462615847587585,-0.6498993039131165,0.3184182047843933
145,-0.0741223692893982,0.3793174624443054,0.3021191358566284,0.15308448672294617,-0.05613225698471069,0.24576357007026672,-0.11369829624891281
146,0.6070547699928284,0.2394099235534668,0.514186680316925,-0.1463354229927063,-0.30949756503105164,-0.0056960564106702805,-0.15245984494686127
147,1.1460249423980713,0.2063799798488617,0.6365514993667603,0.10853087902069092,0.13747502863407135,-0.5268917083740234,-0.4691442549228668
148,0.28521034121513367,0.8217640519142151,0.28353220224380493,-0.010790161788463593,-0.02452242374420166,-0.022984221577644348,-0.2858486473560333
149,0.25661900639533997,1.0407298803329468,-0.04088493436574936,-0.5075563192367554,-0.23729121685028076,-0.2381274402141571,0.5475642681121826
150,0.8019863963127136,0.05769848823547363,0.607725203037262,-0.021085025742650032,-0.299581378698349,-0.4836256206035614,-0.1560797095298767
151,0.08126354217529297,-0.2068241685628891,0.9862268567085266,0.04976337030529976,0.3622656762599945,-0.3336218595504761,0.37684670090675354
152,0.8209269046783447,0.36517271399497986,0.46663764119148254,-0.19932745397090912,-0.037046510726213455,-0.09848859161138535,0.998908281326294
153,0.4436282217502594,0.01883634924888611,0.797538161277771,0.1260191649198532,-0.11174526065587997,0.017307989299297333,0.9566985368728638
154,0.7100635766983032,0.12598544359207153,0.05615643784403801,0.20572982728481293,0.37344101071357727,0.07392581552267075,-0.21821729838848114
155,-0.18530310690402985,0.11978144943714142,-0.0658477246761322,-0.41284382343292236,0.10107044875621796,0.03419526293873787,1.0281198024749756
156,0.30918753147125244,0.4862883388996124,-0.3366210460662842,0.14206311106681824,-0.3482529819011688,-0.15518184006214142,0.19322432577610016
157,0.7873232960700989,0.437608540058136,0.2742365300655365,-0.11481275409460068,0.11566058546304703,0.050012100487947464,0.9512404203414917
158,1.0095881223678589,0.5054707527160645,0.5402923226356506,0.1716117113828659,0.13851800560951233,0.10701092332601547,0.3214104175567627
159,0.44119349122047424,0.16666796803474426,-0.349368155002594,-0.10809698700904846,-0.09426286816596985,-0.03763097897171974,0.511452317237854
160,0.27578163146972656,0.04254218190908432,-0.25542813539505005,-0.10007700324058533,-0.11086390912532806,0.19629621505737305,-0.08241792023181915
161,1.4035885334014893,0.4300171136856079,0.5847185254096985,-0.23850859701633453,0.11735688149929047,-0.15987466275691986,0.20229899883270264
162,0.9257913827896118,0.6299251317977905,0.2986261546611786,-0.010652083903551102,0.0260126031935215,0.29057759046554565,0.7310674786567688
163,0.48001229763031006,0.7186928987503052,0.3489297926425934,-0.26993244886398315,0.17300987243652344,-0.29585325717926025,0.2607284188270569
164,0.6495864391326904,0.5495976209640503,0.19903001189231873,-0.21687626838684082,-0.3195134401321411,-0.061902306973934174,0.25534865260124207
165,0.48428064584732056,0.2745780050754547,0.3748694956302643,-0.23814278841018677,0.32546156644821167,0.01374848559498787,-0.3100144565105438
166,-0.26594775915145874,0.44659096002578735,0.8114277720451355,0.12519094347953796,-0.48385196924209595,0.1818382441997528,-1.8518518209457397
167,0.02948659285902977,0.5358892679214478,0.00020964443683624268,-0.11448628455400467,-0.6006887555122375,0.26713061332702637,-0.6712815165519714
168,0.031018944457173347,0.42566418647766113,-0.21423879265785217,-0.16128458082675934,-0.33463558554649353,-0.5911603569984436,-1.3580435514450073
169,-0.11491966247558594,0.21625614166259766,0.7816187143325806,0.07390569895505905,-0.23897375166416168,0.20451202988624573,-0.5398245453834534
170,0.6181750893592834,-0.018660269677639008,0.438296914100647,-0.583769679069519,-0.03467923030257225,-0.1394418627023697,-1.1713438034057617
171,0.4661238193511963,0.5931945443153381,0.16840699315071106,0.4002474248409271,-0.14813828468322754,-0.06259983032941818,-0.9510515928268433
172,0.15039122104644775,0.7387970089912415,0.07423300296068192,-0.029292363673448563,-0.40930604934692383,0.14168041944503784,-0.806516170501709
173,0.4907453656196594,-0.03392946720123291,0.2218991219997406,0.26344558596611023,0.2812810242176056,-0.49177849292755127,-0.020920418202877045
174,0.5844718217849731,0.6748253107070923,0.12994426488876343,-0.19408999383449554,0.04840059578418732,-0.14728115499019623,-1.0727977752685547
175,0.32329273223876953,0.49499982595443726,1.0363157987594604,-0.051458120346069336,-0.24137260019779205,-0.16736364364624023,-0.8215166926383972
176,0.6855770349502563,0.39570075273513794,0.8242359161376953,-0.12564410269260406,0.24750930070877075,-0.14732685685157776,-0.6145509481430054
177,0.729411244392395,0.7814733386039734,0.8815689086914062,-0.3677332103252411,-0.18764865398406982,-0.05630932003259659,-0.5801374912261963
178,0.5522803664207458,-0.018482983112335205,0.4977172315120697,-0.017557580024003983,-0.003614576533436775,-0.19207781553268433,-0.23268601298332214
179,0.6971461772918701,0.4294155538082123,0.6657923460006714,0.15881091356277466,0.04904390126466751,0.18288347125053406,-0.8993921279907227
180,0.4900466799736023,0.41808831691741943,0.7519212365150452,-0.07450813055038452,0.2311825007200241,-0.229220911860466,-0.9257376194000244
181,1.05082106590271,0.6992232203483582,0.3755655586719513,0.11395660042762756,0.20543639361858368,-0.1030534952878952,-0.7042645215988159
182,0.19991746544837952,0.4514438509941101,0.08266396820545197,-0.08238716423511505,-0.13855238258838654,-0.2575405240058899,-0.6626362800598145
183,0.7281304597854614,0.675292432308197,-0.06885910034179688,-0.02008455991744995,-0.08912220597267151,0.03626638278365135,-0.29286274313926697
184,0.5327535271644592,-0.11110426485538483,-0.05908118188381195,0.1794297844171524,-0.007265122607350349,0.12414410710334778,-0.9592797160148621
185,0.1253931224346161,0.3930770456790924,-0.7850188612937927,-0.20535150170326233,-0.08766204118728638,0.3839796185493469,-0.9839187264442444
186,-0.36424049735069275,0.3074512183666229,-0.9495030045509338,0.24544087052345276,-0.13681162893772125,0.5458115339279175,1.0709397792816162
187,-0.2105865627527237,-0.13212139904499054,-0.4677795171737671,-0.02269391342997551,-0.08471766114234924,-0.07954835891723633,-0.16866284608840942
188,0.9630352258682251,0.3739158511161804,0.4106193780899048,-0.22565783560276031,0.2957381010055542,0.03873942047357559,-1.1766002178192139
189,-0.1556975543498993,0.2911134660243988,0.43497559428215027,-0.44126275181770325,-0.02096623182296753,0.022592857480049133,1.0279812812805176
190,0.014686241745948792,0.3494926393032074,0.7522032260894775,0.37003377079963684,-0.1513863205909729,-0.2720273435115814,0.004730673506855965
191,0.5423413515090942,0.33098819851875305,0.5708807706832886,-0.41584211587905884,-0.12782889604568481,-0.23827683925628662,0.5931082963943481
192,0.5581929087638855,0.04929616302251816,0.6659797430038452,-0.1507333517074585,-0.36722663044929504,0.21798303723335266,0.12937122583389282
193,0.4399520754814148,0.19400247931480408,1.0543652772903442,-0.20533785223960876,0.22292014956474304,0.03907757252454758,0.3706709146499634
194,1.4874789714813232,0.6814634203910828,0.30328431725502014,0.02602648176252842,-0.3448913097381592,-0.015303089283406734,-0.1725187599658966
195,0.273822546005249,-0.16030415892601013,0.11932280659675598,-0.20539802312850952,0.06732165813446045,0.07581933587789536,0.003576760645955801
196,0.7837589383125305,-0.2463829666376114,0.9395615458488464,0.052135251462459564,0.02881215512752533,-0.1406678557395935,-0.14249877631664276
197,0.07777878642082214,0.3786550760269165,-0.9913846254348755,-0.18548952043056488,0.06120585277676582,0.0648500919342041,-0.7602989077568054
198,0.5221522450447083,0.3356013894081116,0.33423563838005066,-0.21655133366584778,-0.3480021357536316,0.03484346345067024,-0.5799944996833801
199,0.6669821739196777,0.1629853993654251,-0.016782738268375397,0.0037576649338006973,0.029037654399871826,0.049487385898828506,0.6926944255828857
200,0.023101864382624626,0.33967533707618713,-0.8691228032112122,0.1408497393131256,-0.1909286081790924,-0.05367696285247803,-0.7760310173034668
201,0.5302417278289795,0.2797423005104065,-0.6455369591712952,0.04750129580497742,-0.030201880261301994,0.05345383659005165,-0.5756868124008179
202,-0.11855001747608185,0.4234352707862854,-0.8400812745094299,0.00981749128550291,0.13137313723564148,0.3697710633277893,-0.09245218336582184
203,0.18248844146728516,0.693130612373352,-0.5941233038902283,0.015286187641322613,0.1001446545124054,0.08729919791221619,-1.015286922454834
204,0.3816661834716797,0.35004347562789917,-0.06200554221868515,-0.12870429456233978,0.0889330804347992,0.017187466844916344,-0.7343239188194275
205,-0.24755796790122986,0.3604901134967804,-0.0480600968003273,-0.12649354338645935,0.0522923544049263,-0.06454338878393173,-0.5796189904212952
206,-0.06217622384428978,0.3436965346336365,-1.225847601890564,0.2755652368068695,-0.011034423485398293,0.3052612841129303,-0.2950895130634308
207,0.5859774947166443,0.7099780440330505,-0.05259734392166138,-0.04527248442173004,0.4529520571231842,0.1557079255580902,-1.1100413799285889
208,0.458260178565979,0.4885014593601227,-0.16556859016418457,-0.13214309513568878,-0.1421658843755722,0.17048333585262299,-0.8807231783866882
209,-0.34419122338294983,0.385221928358078,-1.2294009923934937,0.014556330628693104,0.3064769506454468,0.08155100792646408,0.3043935298919678
210,0.014236725866794586,0.625966489315033,-0.7556220293045044,0.1433284878730774,0.013858264312148094,-0.041439030319452286,-0.943257749080658
211,0.018248479813337326,-0.016753070056438446,-0.19128966331481934,0.2922448217868805,-0.12748906016349792,-0.031079046428203583,-1.275103211402893
212,-0.3797408938407898,0.25444725155830383,-1.012972116470337,0.23896895349025726,-0.0313931442797184,0.26234695315361023,-0.576752781867981
213,-0.48911166191101074,0.039603687822818756,-1.116569995880127,-0.018001679331064224,0.18270063400268555,-0.3577306568622589,-1.2818204164505005
214,0.9724130034446716,0.17841333150863647,-0.6263744235038757,0.005557853728532791,-0.2695653736591339,-0.0408543236553669,-0.9790327548980713
215,0.03205935284495354,0.055290337651968,0.02772507816553116,-0.08201218396425247,-0.1265144646167755,0.031980447471141815,-1.017570972442627
216,0.8280514478683472,0.5720210671424866,-0.19675512611865997,-0.051261696964502335,-0.1599966585636139,-0.038439054042100906,-0.9110105633735657
217,0.44925424456596375,0.4679352641105652,-0.09933307766914368,0.08373630046844482,-0.10999486595392227,-0.10530055314302444,-0.8585290908813477
218,0.24832172691822052,0.40801435708999634,-0.6476851105690002,0.2142450362443924,0.007466454058885574,-0.1207055151462555,-0.8076296448707581
219,-0.14721325039863586,0.6564697027206421,-1.0897201299667358,-0.2799414396286011,-0.09035253524780273,0.2776995301246643,-0.7084751129150391
220,0.05990049988031387,0.5660135746002197,-0.6545137166976929,-0.109241783618927,0.26791995763778687,0.17394809424877167,-0.5721867084503174
221,-0.22679057717323303,0.11652050912380219,-0.0029718205332756042,0.191640242934227,0.15299585461616516,0.12013775110244751,-0.8429450988769531
222,0.600877046585083,0.5917292237281799,-0.33523163199424744,0.09947346895933151,-0.24868708848953247,0.12207935750484467,-1.2203785181045532
223,0.3336341083049774,0.3931039571762085,-0.4495501220226288,-0.12751658260822296,-0.12046824395656586,0.06546445190906525,-0.07148093730211258
224,0.6316742897033691,0.3301089107990265,-0.6083093285560608,-0.030587101355195045,-0.11994337290525436,0.23952309787273407,-0.24126502871513367
225,0.2332310527563095,0.6605806350708008,0.2093149721622467,0.11612363159656525,-0.12574072182178497,0.38016459345817566,-0.35649052262306213
226,0.3347335159778595,0.257150799036026,-0.5258209109306335,0.4015028178691864,0.0941765308380127,0.0769951343536377,-0.8536184430122375
227,0.23381473124027252,0.022431671619415283,0.07222571223974228,0.1639373004436493,0.03592114895582199,-0.43243125081062317,-1.2882189750671387
228,1.036141037940979,0.3961049020290375,0.14284460246562958,0.11144644021987915,0.0029304344207048416,-0.3057594299316406,-0.529053270816803
229,-0.2730441689491272,-0.10471561551094055,-0.24188242852687836,-0.28446438908576965,0.3136390447616577,-0.025428524240851402,-0.7288320660591125
230,0.556779682636261,0.5906177163124084,-0.2039460390806198,0.11189994215965271,0.0397505909204483,0.1092943623661995,0.25560006499290466
231,0.5203568339347839,0.4028703570365906,-0.2952015697956085,0.07464247941970825,0.08673911541700363,0.07566031813621521,-0.3623429238796234
232,0.43300148844718933,0.3238798677921295,0.47453927993774414,0.025791894644498825,-0.2813490033149719,0.24222677946090698,-1.0425845384597778
233,0.2879387438297272,-0.027291804552078247,-0.06441794335842133,0.05324607342481613,0.18575027585029602,0.04026101529598236,-0.7167686820030212
234,0.11155138164758682,-0.01043219119310379,-0.16755378246307373,0.09773203730583191,0.11075590550899506,0.19400696456432343,-0.1654592603445053
235,0.7354477047920227,0.32537585496902466,0.30931052565574646,-0.26414254307746887,0.06317102909088135,-0.023241860792040825,-0.10345499217510223
236,0.408022403717041,0.5142644643783569,0.27926623821258545,0.010052281431853771,0.05963880568742752,-0.21020328998565674,-0.09606222063302994
237,-0.1555020660161972,0.4257815182209015,-0.4115388095378876,-0.025164183229207993,0.18630653619766235,0.08896426856517792,0.05695290490984917
238,-0.36157694458961487,0.2117186337709427,0.08786468952894211,-0.15772870182991028,0.19887204468250275,-0.26402485370635986,0.25379809737205505
239,-0.498466819524765,0.11100957542657852,-0.9359160661697388,0.010158994235098362,-0.3540225028991699,0.13417622447013855,0.37092524766921997
240,-0.15670213103294373,0.2915897071361542,-0.24166645109653473,-0.1076747477054596,-0.04177432507276535,0.16285493969917297,0.0774468332529068
241,0.33418893814086914,0.3182123303413391,-0.22538378834724426,0.02231644280254841,-0.2598353922367096,0.20435312390327454,0.0868053212761879
242,0.15640853345394135,0.12335386127233505,0.13695885241031647,0.05043003708124161,-0.06511548161506653,-0.2741462290287018,-0.3428376615047455
243,0.4551044702529907,0.4236125946044922,-0.12528836727142334,0.07968614250421524,-0.0015085497871041298,0.03479429706931114,0.04807085543870926
244,0.007440727204084396,0.24522462487220764,-0.31243962049484253,0.3629198670387268,-0.09703028202056885,-0.1878010332584381,-0.16932238638401031
245,0.6116306185722351,0.4977942705154419,0.4037388563156128,-0.31942954659461975,0.053861670196056366,0.5365914106369019,0.4158003330230713
246,0.408048152923584,0.23977699875831604,-0.28292590379714966,0.06758322566747665,0.14120957255363464,-0.15494458377361298,-0.28159385919570923
247,0.10639578104019165,0.28505074977874756,-0.7959085702896118,0.055835969746112823,-0.02170708402991295,-0.10811914503574371,-0.7420335412025452
248,-0.6460637450218201,0.40796640515327454,-0.17066213488578796,0.40153342485427856,0.11949936300516129,0.03947896137833595,-0.49612724781036377
249,0.42319661378860474,0.26329702138900757,0.2527487874031067,-0.16717864573001862,0.004188608378171921,0.07353955507278442,0.7295669317245483
250,-0.28596702218055725,0.05474283918738365,-0.1977139115333557,-0.35298240184783936,0.03456707298755646,0.15996548533439636,-0.6945083141326904
251,0.725443422794342,-0.0842665582895279,1.177700161933899,-0.2593919038772583,0.046021413058042526,-0.12157008051872253,1.004227876663208
252,-0.10883519053459167,0.3071177005767822,-0.4605099558830261,-0.2084270417690277,-0.035737283527851105,0.08528223633766174,0.362798273563385
253,0.35550522804260254,0.31138089299201965,-0.7312095165252686,0.05578063800930977,-0.055936332792043686,0.3086475729942322,0.4135935604572296
254,0.6667466759681702,0.21062633395195007,-0.09125237166881561,0.13453802466392517,-0.16928601264953613,-0.010194029659032822,0.45319291949272156
255,0.2566588222980499,0.5816872715950012,0.46995407342910767,-0.1256600022315979,0.14692093431949615,0.15255789458751678,0.3558008372783661
256,-0.27554476261138916,0.2883824110031128,-0.23442313075065613,0.11510556191205978,-0.14654897153377533,-0.031247664242982864,-0.15902914106845856
257,0.45354339480400085,0.8788076639175415,0.03619220852851868,0.04217394068837166,-0.10596179217100143,-0.2392096221446991,0.1693960726261139
258,0.34261205792427063,0.022775016725063324,0.5177589654922485,0.3142819106578827,0.1106615886092186,-0.058056894689798355,0.07468358427286148
259,0.06695041060447693,0.05867955833673477,-0.4088907241821289,-0.026707369834184647,0.18118879199028015,-0.2431631088256836,0.5400117635726929
260,0.13089558482170105,0.5037924647331238,0.2952605187892914,0.05302317440509796,0.03102204203605652,0.005647939629852772,-0.3037770390510559
261,0.9540920257568359,0.3925803005695343,0.3290978968143463,-0.20522399246692657,0.21576938033103943,-0.10094234347343445,0.9370580911636353
262,-0.3030509352684021,0.3124595582485199,-0.30930620431900024,0.17046117782592773,0.07116100192070007,0.04426664859056473,-0.5552073121070862
263,0.5651890635490417,0.6676366329193115,0.011537179350852966,0.09527210146188736,0.040703050792217255,0.3298207223415375,-0.013219494372606277
264,0.9109103679656982,-0.1707923710346222,0.2386474758386612,0.026416614651679993,0.14854228496551514,0.008347898721694946,0.6640164852142334
265,0.09427664428949356,0.09739716351032257,-0.38051337003707886,0.2132953256368637,-0.20009511709213257,0.16722498834133148,0.7046059370040894
266,0.5106275081634521,0.28753456473350525,0.1709648221731186,0.00733068585395813,0.08226022124290466,-0.2117381989955902,0.4104331135749817
267,0.7415456771850586,0.24953629076480865,1.0598618984222412,-0.24603036046028137,0.4018378257751465,-0.19893121719360352,0.07572361826896667
268,-0.0769081860780716,-0.0019062981009483337,1.098311185836792,-0.2413026988506317,0.33731070160865784,-0.15214908123016357,-0.3821720480918884
269,-0.4616239368915558,0.30093833804130554,-0.3300360143184662,0.14960573613643646,-0.016353789716959,-0.05757177621126175,0.6998586058616638
270,-0.19249427318572998,0.5084401965141296,0.09515835344791412,-0.023186203092336655,0.06766736507415771,0.21073982119560242,0.3532506227493286
271,0.45805823802948,0.08997567743062973,-0.060953766107559204,0.009183574467897415,-0.2696639895439148,-0.09527664631605148,0.534104585647583
272,0.9757027626037598,-0.3173193335533142,0.38452067971229553,0.018820619210600853,-0.03312724456191063,-0.07684056460857391,0.7466302514076233
273,0.04873710125684738,0.2443181723356247,0.015091611072421074,-0.44562339782714844,0.056590691208839417,-0.0019724853336811066,0.7516355514526367
274,-0.5685938000679016,0.36545926332473755,-1.4471015930175781,-0.2649732530117035,0.02112552896142006,-0.045896824449300766,-0.5782827734947205
275,0.13833777606487274,0.1881527304649353,-0.474854975938797,-0.1728847622871399,-0.13749411702156067,0.043672431260347366,0.45779305696487427
276,0.9015721082687378,0.2809050679206848,-0.340239942073822,-0.24587354063987732,-0.40782222151756287,0.18046903610229492,0.0844033807516098
277,0.5668041706085205,0.5846622586250305,0.2888351380825043,0.13669916987419128,0.07283644378185272,0.053657416254282,0.40874001383781433
278,0.7157789468765259,-0.12389295548200607,0.6002749800682068,0.12564678490161896,0.19941067695617676,-0.04966166988015175,0.0022307829931378365
279,0.05169295892119408,0.26539695262908936,-0.5069751739501953,-0.05910952389240265,-0.1750752329826355,-0.18046587705612183,-0.4901280701160431
280,0.38391420245170593,0.5456482768058777,-0.21558167040348053,0.41332659125328064,-0.43841275572776794,0.2316569983959198,-0.019445523619651794
281,0.6255897283554077,0.21975719928741455,-0.11466661840677261,-0.0364132858812809,-0.2981416881084442,0.06829845905303955,-0.032639920711517334
282,-0.24051398038864136,0.342725545167923,-0.3973844051361084,0.23980972170829773,0.09145594388246536,-0.007401371840387583,-0.6646209955215454
283,0.13784226775169373,0.06482633948326111,-0.9626610279083252,-0.051786549389362335,-0.2485591620206833,0.1263691484928131,0.4260672628879547
284,0.7447484135627747,0.565366804599762,-0.21339799463748932,-0.29970279335975647,0.00034783221781253815,0.09104938805103302,0.7565203309059143
285,0.22125059366226196,-0.000408172607421875,-0.11261709034442902,-0.05594167858362198,-0.010703302919864655,0.07452299445867538,-0.14243914186954498
286,-0.8921232223510742,0.35870540142059326,0.4691046476364136,-0.059591397643089294,-0.029619038105010986,-0.4601926803588867,-0.49746736884117126
287,-0.112492136657238,0.0692126452922821,0.8456458449363708,0.5048850774765015,-0.04208049923181534,-0.718285322189331,-0.4694962203502655
288,-0.290953129529953,-0.2103153020143509,0.917989194393158,0.1762407124042511,-0.19760321080684662,0.04888634756207466,-0.35678401589393616
289,-0.3322139382362366,0.5345738530158997,0.8363113403320312,-0.0953865796327591,-0.03442336991429329,-0.08913824707269669,-0.3056633770465851
290,-0.4326695203781128,-0.006945997476577759,-0.019210536032915115,-0.16483841836452484,0.22248676419258118,-0.20797699689865112,-0.4944742023944855
291,0.2651234269142151,0.4880473017692566,0.17894615232944489,-0.3500553369522095,0.16549861431121826,-0.31334957480430603,-0.37557274103164673
292,0.4690835475921631,0.38896071910858154,0.8906238675117493,-0.12616711854934692,-0.02831241302192211,0.05935137718915939,-0.789216160774231
293,0.4292536973953247,0.2062758505344391,0.17262059450149536,-0.1261528730392456,0.06136896088719368,-0.12420621514320374,-0.7439144849777222
294,0.6589772701263428,0.5357531309127808,-0.06681572645902634,-0.13008229434490204,-0.03560502827167511,0.04730137437582016,-0.4191170930862427
295,1.024038553237915,0.17444868385791779,0.131278857588768,0.20954377949237823,0.110469751060009,-0.17676886916160583,-1.0017428398132324
296,0.6058154106140137,0.23129472136497498,0.3262370228767395,0.0018024907913058996,-0.1278037279844284,0.031461138278245926,0.09587518870830536
297,0.8175439238548279,0.26474910974502563,0.5481089949607849,-0.10046090930700302,0.1414322704076767,-0.30579817295074463,-0.5798662304878235
298,-0.5167070627212524,-0.5153650641441345,0.6673058867454529,0.06597153842449188,-0.024186130613088608,-0.3739149272441864,-0.6496186256408691
299,-0.29581713676452637,0.37416207790374756,-0.027855217456817627,0.13297295570373535,-0.037143293768167496,0.16394513845443726,-0.6713773608207703
