global_episode_index,lerobot_task_index,libero_suite,libero_task_id,demo_index,demo_key,num_frames,language,hdf5_path,split_csv,repo_id,fps
0,0,libero_spatial,0,0,demo_0,658,pick up the akita black bowl and place it on the plate in the left region,/root/smolvla-libero-compositional-generalization/data/demos/libero36_task0_5_success_pilot_v1/task_000_layout_1_5_success.hdf5,data/training/libero36_feasible_v1/splits/all_32_tasks_5episodes_v1.csv,local/libero36_feasible_32_frozen_v1,20
1,0,libero_spatial,0,1,demo_1,658,pick up the akita black bowl and place it on the plate in the left region,/root/smolvla-libero-compositional-generalization/data/demos/libero36_task0_5_success_pilot_v1/task_000_layout_1_5_success.hdf5,data/training/libero36_feasible_v1/splits/all_32_tasks_5episodes_v1.csv,local/libero36_feasible_32_frozen_v1,20
2,0,libero_spatial,0,2,demo_2,658,pick up the akita black bowl and place it on the plate in the left region,/root/smolvla-libero-compositional-generalization/data/demos/libero36_task0_5_success_pilot_v1/task_000_layout_1_5_success.hdf5,data/training/libero36_feasible_v1/splits/all_32_tasks_5episodes_v1.csv,local/libero36_feasible_32_frozen_v1,20
3,0,libero_spatial,0,3,demo_3,658,pick up the akita black bowl and place it on the plate in the left region,/root/smolvla-libero-compositional-generalization/data/demos/libero36_task0_5_success_pilot_v1/task_000_layout_1_5_success.hdf5,data/training/libero36_feasible_v1/splits/all_32_tasks_5episodes_v1.csv,local/libero36_feasible_32_frozen_v1,20
4,0,libero_spatial,0,4,demo_4,658,pick up the akita black bowl and place it on the plate in the left region,/root/smolvla-libero-compositional-generalization/data/demos/libero36_task0_5_success_pilot_v1/task_000_layout_1_5_success.hdf5,data/training/libero36_feasible_v1/splits/all_32_tasks_5episodes_v1.csv,local/libero36_feasible_32_frozen_v1,20
5,1,libero_spatial,1,0,demo_0,560,pick up the akita black bowl and place it on the plate in the middle region,/root/smolvla-libero-compositional-generalization/data/demos/libero36_task1_5_success_pilot_v1/task_001_layout_1_5_success.hdf5,data/training/libero36_feasible_v1/splits/all_32_tasks_5episodes_v1.csv,local/libero36_feasible_32_frozen_v1,20
6,1,libero_spatial,1,1,demo_1,560,pick up the akita black bowl and place it on the plate in the middle region,/root/smolvla-libero-compositional-generalization/data/demos/libero36_task1_5_success_pilot_v1/task_001_layout_1_5_success.hdf5,data/training/libero36_feasible_v1/splits/all_32_tasks_5episodes_v1.csv,local/libero36_feasible_32_frozen_v1,20
7,1,libero_spatial,1,2,demo_2,560,pick up the akita black bowl and place it on the plate in the middle region,/root/smolvla-libero-compositional-generalization/data/demos/libero36_task1_5_success_pilot_v1/task_001_layout_1_5_success.hdf5,data/training/libero36_feasible_v1/splits/all_32_tasks_5episodes_v1.csv,local/libero36_feasible_32_frozen_v1,20
8,1,libero_spatial,1,3,demo_3,560,pick up the akita black bowl and place it on the plate in the middle region,/root/smolvla-libero-compositional-generalization/data/demos/libero36_task1_5_success_pilot_v1/task_001_layout_1_5_success.hdf5,data/training/libero36_feasible_v1/splits/all_32_tasks_5episodes_v1.csv,local/libero36_feasible_32_frozen_v1,20
9,1,libero_spatial,1,4,demo_4,560,pick up the akita black bowl and place it on the plate in the middle region,/root/smolvla-libero-compositional-generalization/data/demos/libero36_task1_5_success_pilot_v1/task_001_layout_1_5_success.hdf5,data/training/libero36_feasible_v1/splits/all_32_tasks_5episodes_v1.csv,local/libero36_feasible_32_frozen_v1,20
10,2,libero_spatial,2,0,demo_0,598,pick up the akita black bowl and place it on the plate in the right region,/root/smolvla-libero-compositional-generalization/data/demos/libero36_task2_5_success_pilot_v1/task_002_layout_1_5_success.hdf5,data/training/libero36_feasible_v1/splits/all_32_tasks_5episodes_v1.csv,local/libero36_feasible_32_frozen_v1,20
11,2,libero_spatial,2,1,demo_1,598,pick up the akita black bowl and place it on the plate in the right region,/root/smolvla-libero-compositional-generalization/data/demos/libero36_task2_5_success_pilot_v1/task_002_layout_1_5_success.hdf5,data/training/libero36_feasible_v1/splits/all_32_tasks_5episodes_v1.csv,local/libero36_feasible_32_frozen_v1,20
12,2,libero_spatial,2,2,demo_2,598,pick up the akita black bowl and place it on the plate in the right region,/root/smolvla-libero-compositional-generalization/data/demos/libero36_task2_5_success_pilot_v1/task_002_layout_1_5_success.hdf5,data/training/libero36_feasible_v1/splits/all_32_tasks_5episodes_v1.csv,local/libero36_feasible_32_frozen_v1,20
13,2,libero_spatial,2,3,demo_3,598,pick up the akita black bowl and place it on the plate in the right region,/root/smolvla-libero-compositional-generalization/data/demos/libero36_task2_5_success_pilot_v1/task_002_layout_1_5_success.hdf5,data/training/libero36_feasible_v1/splits/all_32_tasks_5episodes_v1.csv,local/libero36_feasible_32_frozen_v1,20
14,2,libero_spatial,2,4,demo_4,598,pick up the akita black bowl and place it on the plate in the right region,/root/smolvla-libero-compositional-generalization/data/demos/libero36_task2_5_success_pilot_v1/task_002_layout_1_5_success.hdf5,data/training/libero36_feasible_v1/splits/all_32_tasks_5episodes_v1.csv,local/libero36_feasible_32_frozen_v1,20
15,3,libero_spatial,3,0,demo_0,596,pick up the akita black bowl and place it inside the basket in the left region,/root/smolvla-libero-compositional-generalization/data/demos/libero36_task3_5_success_pilot_v1/task_003_layout_1_5_success.hdf5,data/training/libero36_feasible_v1/splits/all_32_tasks_5episodes_v1.csv,local/libero36_feasible_32_frozen_v1,20
16,3,libero_spatial,3,1,demo_1,596,pick up the akita black bowl and place it inside the basket in the left region,/root/smolvla-libero-compositional-generalization/data/demos/libero36_task3_5_success_pilot_v1/task_003_layout_1_5_success.hdf5,data/training/libero36_feasible_v1/splits/all_32_tasks_5episodes_v1.csv,local/libero36_feasible_32_frozen_v1,20
17,3,libero_spatial,3,2,demo_2,596,pick up the akita black bowl and place it inside the basket in the left region,/root/smolvla-libero-compositional-generalization/data/demos/libero36_task3_5_success_pilot_v1/task_003_layout_1_5_success.hdf5,data/training/libero36_feasible_v1/splits/all_32_tasks_5episodes_v1.csv,local/libero36_feasible_32_frozen_v1,20
18,3,libero_spatial,3,3,demo_3,596,pick up the akita black bowl and place it inside the basket in the left region,/root/smolvla-libero-compositional-generalization/data/demos/libero36_task3_5_success_pilot_v1/task_003_layout_1_5_success.hdf5,data/training/libero36_feasible_v1/splits/all_32_tasks_5episodes_v1.csv,local/libero36_feasible_32_frozen_v1,20
19,3,libero_spatial,3,4,demo_4,596,pick up the akita black bowl and place it inside the basket in the left region,/root/smolvla-libero-compositional-generalization/data/demos/libero36_task3_5_success_pilot_v1/task_003_layout_1_5_success.hdf5,data/training/libero36_feasible_v1/splits/all_32_tasks_5episodes_v1.csv,local/libero36_feasible_32_frozen_v1,20
20,4,libero_spatial,4,0,demo_0,578,pick up the akita black bowl and place it inside the basket in the middle region,/root/smolvla-libero-compositional-generalization/data/demos/libero36_task4_5_success_pilot_v1/task_004_layout_1_5_success.hdf5,data/training/libero36_feasible_v1/splits/all_32_tasks_5episodes_v1.csv,local/libero36_feasible_32_frozen_v1,20
21,4,libero_spatial,4,1,demo_1,578,pick up the akita black bowl and place it inside the basket in the middle region,/root/smolvla-libero-compositional-generalization/data/demos/libero36_task4_5_success_pilot_v1/task_004_layout_1_5_success.hdf5,data/training/libero36_feasible_v1/splits/all_32_tasks_5episodes_v1.csv,local/libero36_feasible_32_frozen_v1,20
22,4,libero_spatial,4,2,demo_2,578,pick up the akita black bowl and place it inside the basket in the middle region,/root/smolvla-libero-compositional-generalization/data/demos/libero36_task4_5_success_pilot_v1/task_004_layout_1_5_success.hdf5,data/training/libero36_feasible_v1/splits/all_32_tasks_5episodes_v1.csv,local/libero36_feasible_32_frozen_v1,20
23,4,libero_spatial,4,3,demo_3,578,pick up the akita black bowl and place it inside the basket in the middle region,/root/smolvla-libero-compositional-generalization/data/demos/libero36_task4_5_success_pilot_v1/task_004_layout_1_5_success.hdf5,data/training/libero36_feasible_v1/splits/all_32_tasks_5episodes_v1.csv,local/libero36_feasible_32_frozen_v1,20
24,4,libero_spatial,4,4,demo_4,578,pick up the akita black bowl and place it inside the basket in the middle region,/root/smolvla-libero-compositional-generalization/data/demos/libero36_task4_5_success_pilot_v1/task_004_layout_1_5_success.hdf5,data/training/libero36_feasible_v1/splits/all_32_tasks_5episodes_v1.csv,local/libero36_feasible_32_frozen_v1,20
25,5,libero_spatial,5,0,demo_0,605,pick up the akita black bowl and place it inside the basket in the right region,/root/smolvla-libero-compositional-generalization/data/demos/libero36_task5_5_success_pilot_v1/task_005_layout_1_5_success.hdf5,data/training/libero36_feasible_v1/splits/all_32_tasks_5episodes_v1.csv,local/libero36_feasible_32_frozen_v1,20
26,5,libero_spatial,5,1,demo_1,605,pick up the akita black bowl and place it inside the basket in the right region,/root/smolvla-libero-compositional-generalization/data/demos/libero36_task5_5_success_pilot_v1/task_005_layout_1_5_success.hdf5,data/training/libero36_feasible_v1/splits/all_32_tasks_5episodes_v1.csv,local/libero36_feasible_32_frozen_v1,20
27,5,libero_spatial,5,2,demo_2,605,pick up the akita black bowl and place it inside the basket in the right region,/root/smolvla-libero-compositional-generalization/data/demos/libero36_task5_5_success_pilot_v1/task_005_layout_1_5_success.hdf5,data/training/libero36_feasible_v1/splits/all_32_tasks_5episodes_v1.csv,local/libero36_feasible_32_frozen_v1,20
28,5,libero_spatial,5,3,demo_3,605,pick up the akita black bowl and place it inside the basket in the right region,/root/smolvla-libero-compositional-generalization/data/demos/libero36_task5_5_success_pilot_v1/task_005_layout_1_5_success.hdf5,data/training/libero36_feasible_v1/splits/all_32_tasks_5episodes_v1.csv,local/libero36_feasible_32_frozen_v1,20
29,5,libero_spatial,5,4,demo_4,605,pick up the akita black bowl and place it inside the basket in the right region,/root/smolvla-libero-compositional-generalization/data/demos/libero36_task5_5_success_pilot_v1/task_005_layout_1_5_success.hdf5,data/training/libero36_feasible_v1/splits/all_32_tasks_5episodes_v1.csv,local/libero36_feasible_32_frozen_v1,20
30,6,libero_spatial,6,0,demo_0,328,push the akita black bowl into the left target region,/root/smolvla-libero-compositional-generalization/data/demos/libero36_task6_5_success_pilot_v1/task_006_layout_1_5_success.hdf5,data/training/libero36_feasible_v1/splits/all_32_tasks_5episodes_v1.csv,local/libero36_feasible_32_frozen_v1,20
31,6,libero_spatial,6,1,demo_1,328,push the akita black bowl into the left target region,/root/smolvla-libero-compositional-generalization/data/demos/libero36_task6_5_success_pilot_v1/task_006_layout_1_5_success.hdf5,data/training/libero36_feasible_v1/splits/all_32_tasks_5episodes_v1.csv,local/libero36_feasible_32_frozen_v1,20
32,6,libero_spatial,6,2,demo_2,328,push the akita black bowl into the left target region,/root/smolvla-libero-compositional-generalization/data/demos/libero36_task6_5_success_pilot_v1/task_006_layout_1_5_success.hdf5,data/training/libero36_feasible_v1/splits/all_32_tasks_5episodes_v1.csv,local/libero36_feasible_32_frozen_v1,20
33,6,libero_spatial,6,3,demo_3,328,push the akita black bowl into the left target region,/root/smolvla-libero-compositional-generalization/data/demos/libero36_task6_5_success_pilot_v1/task_006_layout_1_5_success.hdf5,data/training/libero36_feasible_v1/splits/all_32_tasks_5episodes_v1.csv,local/libero36_feasible_32_frozen_v1,20
34,6,libero_spatial,6,4,demo_4,328,push the akita black bowl into the left target region,/root/smolvla-libero-compositional-generalization/data/demos/libero36_task6_5_success_pilot_v1/task_006_layout_1_5_success.hdf5,data/training/libero36_feasible_v1/splits/all_32_tasks_5episodes_v1.csv,local/libero36_feasible_32_frozen_v1,20
35,7,libero_spatial,7,0,demo_0,578,push the akita black bowl into the middle target region,/root/smolvla-libero-compositional-generalization/data/demos/libero36_task7_5_success_pilot_v1/task_007_layout_1_5_success.hdf5,data/training/libero36_feasible_v1/splits/all_32_tasks_5episodes_v1.csv,local/libero36_feasible_32_frozen_v1,20
36,7,libero_spatial,7,1,demo_1,578,push the akita black bowl into the middle target region,/root/smolvla-libero-compositional-generalization/data/demos/libero36_task7_5_success_pilot_v1/task_007_layout_1_5_success.hdf5,data/training/libero36_feasible_v1/splits/all_32_tasks_5episodes_v1.csv,local/libero36_feasible_32_frozen_v1,20
37,7,libero_spatial,7,2,demo_2,578,push the akita black bowl into the middle target region,/root/smolvla-libero-compositional-generalization/data/demos/libero36_task7_5_success_pilot_v1/task_007_layout_1_5_success.hdf5,data/training/libero36_feasible_v1/splits/all_32_tasks_5episodes_v1.csv,local/libero36_feasible_32_frozen_v1,20
38,7,libero_spatial,7,3,demo_3,578,push the akita black bowl into the middle target region,/root/smolvla-libero-compositional-generalization/data/demos/libero36_task7_5_success_pilot_v1/task_007_layout_1_5_success.hdf5,data/training/libero36_feasible_v1/splits/all_32_tasks_5episodes_v1.csv,local/libero36_feasible_32_frozen_v1,20
39,7,libero_spatial,7,4,demo_4,578,push the akita black bowl into the middle target region,/root/smolvla-libero-compositional-generalization/data/demos/libero36_task7_5_success_pilot_v1/task_007_layout_1_5_success.hdf5,data/training/libero36_feasible_v1/splits/all_32_tasks_5episodes_v1.csv,local/libero36_feasible_32_frozen_v1,20
40,8,libero_spatial,8,0,demo_0,912,push the akita black bowl into the right target region,/root/smolvla-libero-compositional-generalization/data/demos/libero36_task8_5_success_pilot_v1/task_008_layout_1_5_success.hdf5,data/training/libero36_feasible_v1/splits/all_32_tasks_5episodes_v1.csv,local/libero36_feasible_32_frozen_v1,20
41,8,libero_spatial,8,1,demo_1,912,push the akita black bowl into the right target region,/root/smolvla-libero-compositional-generalization/data/demos/libero36_task8_5_success_pilot_v1/task_008_layout_1_5_success.hdf5,data/training/libero36_feasible_v1/splits/all_32_tasks_5episodes_v1.csv,local/libero36_feasible_32_frozen_v1,20
42,8,libero_spatial,8,2,demo_2,912,push the akita black bowl into the right target region,/root/smolvla-libero-compositional-generalization/data/demos/libero36_task8_5_success_pilot_v1/task_008_layout_1_5_success.hdf5,data/training/libero36_feasible_v1/splits/all_32_tasks_5episodes_v1.csv,local/libero36_feasible_32_frozen_v1,20
43,8,libero_spatial,8,3,demo_3,912,push the akita black bowl into the right target region,/root/smolvla-libero-compositional-generalization/data/demos/libero36_task8_5_success_pilot_v1/task_008_layout_1_5_success.hdf5,data/training/libero36_feasible_v1/splits/all_32_tasks_5episodes_v1.csv,local/libero36_feasible_32_frozen_v1,20
44,8,libero_spatial,8,4,demo_4,912,push the akita black bowl into the right target region,/root/smolvla-libero-compositional-generalization/data/demos/libero36_task8_5_success_pilot_v1/task_008_layout_1_5_success.hdf5,data/training/libero36_feasible_v1/splits/all_32_tasks_5episodes_v1.csv,local/libero36_feasible_32_frozen_v1,20
45,9,libero_spatial,9,0,demo_0,585,pick up the yellow and white mug and place it on the plate in the left region,/root/smolvla-libero-compositional-generalization/data/demos/libero36_task9_5_success_pilot_v1/task_009_layout_1_5_success.hdf5,data/training/libero36_feasible_v1/splits/all_32_tasks_5episodes_v1.csv,local/libero36_feasible_32_frozen_v1,20
46,9,libero_spatial,9,1,demo_1,585,pick up the yellow and white mug and place it on the plate in the left region,/root/smolvla-libero-compositional-generalization/data/demos/libero36_task9_5_success_pilot_v1/task_009_layout_1_5_success.hdf5,data/training/libero36_feasible_v1/splits/all_32_tasks_5episodes_v1.csv,local/libero36_feasible_32_frozen_v1,20
47,9,libero_spatial,9,2,demo_2,585,pick up the yellow and white mug and place it on the plate in the left region,/root/smolvla-libero-compositional-generalization/data/demos/libero36_task9_5_success_pilot_v1/task_009_layout_1_5_success.hdf5,data/training/libero36_feasible_v1/splits/all_32_tasks_5episodes_v1.csv,local/libero36_feasible_32_frozen_v1,20
48,9,libero_spatial,9,3,demo_3,585,pick up the yellow and white mug and place it on the plate in the left region,/root/smolvla-libero-compositional-generalization/data/demos/libero36_task9_5_success_pilot_v1/task_009_layout_1_5_success.hdf5,data/training/libero36_feasible_v1/splits/all_32_tasks_5episodes_v1.csv,local/libero36_feasible_32_frozen_v1,20
49,9,libero_spatial,9,4,demo_4,585,pick up the yellow and white mug and place it on the plate in the left region,/root/smolvla-libero-compositional-generalization/data/demos/libero36_task9_5_success_pilot_v1/task_009_layout_1_5_success.hdf5,data/training/libero36_feasible_v1/splits/all_32_tasks_5episodes_v1.csv,local/libero36_feasible_32_frozen_v1,20
50,10,libero_spatial,10,0,demo_0,581,pick up the yellow and white mug and place it on the plate in the middle region,/root/smolvla-libero-compositional-generalization/data/demos/libero36_task10_5_success_pilot_v1/task_010_layout_1_5_success.hdf5,data/training/libero36_feasible_v1/splits/all_32_tasks_5episodes_v1.csv,local/libero36_feasible_32_frozen_v1,20
51,10,libero_spatial,10,1,demo_1,581,pick up the yellow and white mug and place it on the plate in the middle region,/root/smolvla-libero-compositional-generalization/data/demos/libero36_task10_5_success_pilot_v1/task_010_layout_1_5_success.hdf5,data/training/libero36_feasible_v1/splits/all_32_tasks_5episodes_v1.csv,local/libero36_feasible_32_frozen_v1,20
52,10,libero_spatial,10,2,demo_2,581,pick up the yellow and white mug and place it on the plate in the middle region,/root/smolvla-libero-compositional-generalization/data/demos/libero36_task10_5_success_pilot_v1/task_010_layout_1_5_success.hdf5,data/training/libero36_feasible_v1/splits/all_32_tasks_5episodes_v1.csv,local/libero36_feasible_32_frozen_v1,20
53,10,libero_spatial,10,3,demo_3,581,pick up the yellow and white mug and place it on the plate in the middle region,/root/smolvla-libero-compositional-generalization/data/demos/libero36_task10_5_success_pilot_v1/task_010_layout_1_5_success.hdf5,data/training/libero36_feasible_v1/splits/all_32_tasks_5episodes_v1.csv,local/libero36_feasible_32_frozen_v1,20
54,10,libero_spatial,10,4,demo_4,581,pick up the yellow and white mug and place it on the plate in the middle region,/root/smolvla-libero-compositional-generalization/data/demos/libero36_task10_5_success_pilot_v1/task_010_layout_1_5_success.hdf5,data/training/libero36_feasible_v1/splits/all_32_tasks_5episodes_v1.csv,local/libero36_feasible_32_frozen_v1,20
55,11,libero_spatial,11,0,demo_0,568,pick up the yellow and white mug and place it on the plate in the right region,/root/smolvla-libero-compositional-generalization/data/demos/libero36_task11_5_success_pilot_v1/task_011_layout_1_5_success.hdf5,data/training/libero36_feasible_v1/splits/all_32_tasks_5episodes_v1.csv,local/libero36_feasible_32_frozen_v1,20
56,11,libero_spatial,11,1,demo_1,568,pick up the yellow and white mug and place it on the plate in the right region,/root/smolvla-libero-compositional-generalization/data/demos/libero36_task11_5_success_pilot_v1/task_011_layout_1_5_success.hdf5,data/training/libero36_feasible_v1/splits/all_32_tasks_5episodes_v1.csv,local/libero36_feasible_32_frozen_v1,20
57,11,libero_spatial,11,2,demo_2,568,pick up the yellow and white mug and place it on the plate in the right region,/root/smolvla-libero-compositional-generalization/data/demos/libero36_task11_5_success_pilot_v1/task_011_layout_1_5_success.hdf5,data/training/libero36_feasible_v1/splits/all_32_tasks_5episodes_v1.csv,local/libero36_feasible_32_frozen_v1,20
58,11,libero_spatial,11,3,demo_3,568,pick up the yellow and white mug and place it on the plate in the right region,/root/smolvla-libero-compositional-generalization/data/demos/libero36_task11_5_success_pilot_v1/task_011_layout_1_5_success.hdf5,data/training/libero36_feasible_v1/splits/all_32_tasks_5episodes_v1.csv,local/libero36_feasible_32_frozen_v1,20
59,11,libero_spatial,11,4,demo_4,568,pick up the yellow and white mug and place it on the plate in the right region,/root/smolvla-libero-compositional-generalization/data/demos/libero36_task11_5_success_pilot_v1/task_011_layout_1_5_success.hdf5,data/training/libero36_feasible_v1/splits/all_32_tasks_5episodes_v1.csv,local/libero36_feasible_32_frozen_v1,20
60,12,libero_spatial,12,0,demo_0,620,pick up the yellow and white mug and place it inside the basket in the left region,/root/smolvla-libero-compositional-generalization/data/demos/libero36_task12_5_success_pilot_v1/task_012_layout_1_5_success.hdf5,data/training/libero36_feasible_v1/splits/all_32_tasks_5episodes_v1.csv,local/libero36_feasible_32_frozen_v1,20
61,12,libero_spatial,12,1,demo_1,620,pick up the yellow and white mug and place it inside the basket in the left region,/root/smolvla-libero-compositional-generalization/data/demos/libero36_task12_5_success_pilot_v1/task_012_layout_1_5_success.hdf5,data/training/libero36_feasible_v1/splits/all_32_tasks_5episodes_v1.csv,local/libero36_feasible_32_frozen_v1,20
62,12,libero_spatial,12,2,demo_2,620,pick up the yellow and white mug and place it inside the basket in the left region,/root/smolvla-libero-compositional-generalization/data/demos/libero36_task12_5_success_pilot_v1/task_012_layout_1_5_success.hdf5,data/training/libero36_feasible_v1/splits/all_32_tasks_5episodes_v1.csv,local/libero36_feasible_32_frozen_v1,20
63,12,libero_spatial,12,3,demo_3,620,pick up the yellow and white mug and place it inside the basket in the left region,/root/smolvla-libero-compositional-generalization/data/demos/libero36_task12_5_success_pilot_v1/task_012_layout_1_5_success.hdf5,data/training/libero36_feasible_v1/splits/all_32_tasks_5episodes_v1.csv,local/libero36_feasible_32_frozen_v1,20
64,12,libero_spatial,12,4,demo_4,620,pick up the yellow and white mug and place it inside the basket in the left region,/root/smolvla-libero-compositional-generalization/data/demos/libero36_task12_5_success_pilot_v1/task_012_layout_1_5_success.hdf5,data/training/libero36_feasible_v1/splits/all_32_tasks_5episodes_v1.csv,local/libero36_feasible_32_frozen_v1,20
65,13,libero_spatial,13,0,demo_0,590,pick up the yellow and white mug and place it inside the basket in the middle region,/root/smolvla-libero-compositional-generalization/data/demos/libero36_task13_5_success_pilot_v1/task_013_layout_1_5_success.hdf5,data/training/libero36_feasible_v1/splits/all_32_tasks_5episodes_v1.csv,local/libero36_feasible_32_frozen_v1,20
66,13,libero_spatial,13,1,demo_1,590,pick up the yellow and white mug and place it inside the basket in the middle region,/root/smolvla-libero-compositional-generalization/data/demos/libero36_task13_5_success_pilot_v1/task_013_layout_1_5_success.hdf5,data/training/libero36_feasible_v1/splits/all_32_tasks_5episodes_v1.csv,local/libero36_feasible_32_frozen_v1,20
67,13,libero_spatial,13,2,demo_2,590,pick up the yellow and white mug and place it inside the basket in the middle region,/root/smolvla-libero-compositional-generalization/data/demos/libero36_task13_5_success_pilot_v1/task_013_layout_1_5_success.hdf5,data/training/libero36_feasible_v1/splits/all_32_tasks_5episodes_v1.csv,local/libero36_feasible_32_frozen_v1,20
68,13,libero_spatial,13,3,demo_3,590,pick up the yellow and white mug and place it inside the basket in the middle region,/root/smolvla-libero-compositional-generalization/data/demos/libero36_task13_5_success_pilot_v1/task_013_layout_1_5_success.hdf5,data/training/libero36_feasible_v1/splits/all_32_tasks_5episodes_v1.csv,local/libero36_feasible_32_frozen_v1,20
69,13,libero_spatial,13,4,demo_4,590,pick up the yellow and white mug and place it inside the basket in the middle region,/root/smolvla-libero-compositional-generalization/data/demos/libero36_task13_5_success_pilot_v1/task_013_layout_1_5_success.hdf5,data/training/libero36_feasible_v1/splits/all_32_tasks_5episodes_v1.csv,local/libero36_feasible_32_frozen_v1,20
70,14,libero_spatial,14,0,demo_0,582,pick up the yellow and white mug and place it inside the basket in the right region,/root/smolvla-libero-compositional-generalization/data/demos/libero36_task14_5_success_pilot_v1/task_014_layout_1_5_success.hdf5,data/training/libero36_feasible_v1/splits/all_32_tasks_5episodes_v1.csv,local/libero36_feasible_32_frozen_v1,20
71,14,libero_spatial,14,1,demo_1,582,pick up the yellow and white mug and place it inside the basket in the right region,/root/smolvla-libero-compositional-generalization/data/demos/libero36_task14_5_success_pilot_v1/task_014_layout_1_5_success.hdf5,data/training/libero36_feasible_v1/splits/all_32_tasks_5episodes_v1.csv,local/libero36_feasible_32_frozen_v1,20
72,14,libero_spatial,14,2,demo_2,582,pick up the yellow and white mug and place it inside the basket in the right region,/root/smolvla-libero-compositional-generalization/data/demos/libero36_task14_5_success_pilot_v1/task_014_layout_1_5_success.hdf5,data/training/libero36_feasible_v1/splits/all_32_tasks_5episodes_v1.csv,local/libero36_feasible_32_frozen_v1,20
73,14,libero_spatial,14,3,demo_3,582,pick up the yellow and white mug and place it inside the basket in the right region,/root/smolvla-libero-compositional-generalization/data/demos/libero36_task14_5_success_pilot_v1/task_014_layout_1_5_success.hdf5,data/training/libero36_feasible_v1/splits/all_32_tasks_5episodes_v1.csv,local/libero36_feasible_32_frozen_v1,20
74,14,libero_spatial,14,4,demo_4,582,pick up the yellow and white mug and place it inside the basket in the right region,/root/smolvla-libero-compositional-generalization/data/demos/libero36_task14_5_success_pilot_v1/task_014_layout_1_5_success.hdf5,data/training/libero36_feasible_v1/splits/all_32_tasks_5episodes_v1.csv,local/libero36_feasible_32_frozen_v1,20
75,15,libero_spatial,16,0,demo_0,630,push the white and yellow mug to the middle of the table,/root/smolvla-libero-compositional-generalization/data/demos/libero36_task16_5_success_pilot_v1/task_016_layout_1_5_success.hdf5,data/training/libero36_feasible_v1/splits/all_32_tasks_5episodes_v1.csv,local/libero36_feasible_32_frozen_v1,20
76,15,libero_spatial,16,1,demo_1,712,push the white and yellow mug to the middle of the table,/root/smolvla-libero-compositional-generalization/data/demos/libero36_task16_5_success_pilot_v1/task_016_layout_1_5_success.hdf5,data/training/libero36_feasible_v1/splits/all_32_tasks_5episodes_v1.csv,local/libero36_feasible_32_frozen_v1,20
77,15,libero_spatial,16,2,demo_2,678,push the white and yellow mug to the middle of the table,/root/smolvla-libero-compositional-generalization/data/demos/libero36_task16_5_success_pilot_v1/task_016_layout_1_5_success.hdf5,data/training/libero36_feasible_v1/splits/all_32_tasks_5episodes_v1.csv,local/libero36_feasible_32_frozen_v1,20
78,15,libero_spatial,16,3,demo_3,747,push the white and yellow mug to the middle of the table,/root/smolvla-libero-compositional-generalization/data/demos/libero36_task16_5_success_pilot_v1/task_016_layout_1_5_success.hdf5,data/training/libero36_feasible_v1/splits/all_32_tasks_5episodes_v1.csv,local/libero36_feasible_32_frozen_v1,20
79,15,libero_spatial,16,4,demo_4,858,push the white and yellow mug to the middle of the table,/root/smolvla-libero-compositional-generalization/data/demos/libero36_task16_5_success_pilot_v1/task_016_layout_1_5_success.hdf5,data/training/libero36_feasible_v1/splits/all_32_tasks_5episodes_v1.csv,local/libero36_feasible_32_frozen_v1,20
80,16,libero_spatial,18,0,demo_0,667,pick up the alphabet soup and place it on the plate in the left region,/root/smolvla-libero-compositional-generalization/data/demos/libero36_task18_5_success_pilot_v1/task_018_layout_1_5_success.hdf5,data/training/libero36_feasible_v1/splits/all_32_tasks_5episodes_v1.csv,local/libero36_feasible_32_frozen_v1,20
81,16,libero_spatial,18,1,demo_1,667,pick up the alphabet soup and place it on the plate in the left region,/root/smolvla-libero-compositional-generalization/data/demos/libero36_task18_5_success_pilot_v1/task_018_layout_1_5_success.hdf5,data/training/libero36_feasible_v1/splits/all_32_tasks_5episodes_v1.csv,local/libero36_feasible_32_frozen_v1,20
82,16,libero_spatial,18,2,demo_2,667,pick up the alphabet soup and place it on the plate in the left region,/root/smolvla-libero-compositional-generalization/data/demos/libero36_task18_5_success_pilot_v1/task_018_layout_1_5_success.hdf5,data/training/libero36_feasible_v1/splits/all_32_tasks_5episodes_v1.csv,local/libero36_feasible_32_frozen_v1,20
83,16,libero_spatial,18,3,demo_3,667,pick up the alphabet soup and place it on the plate in the left region,/root/smolvla-libero-compositional-generalization/data/demos/libero36_task18_5_success_pilot_v1/task_018_layout_1_5_success.hdf5,data/training/libero36_feasible_v1/splits/all_32_tasks_5episodes_v1.csv,local/libero36_feasible_32_frozen_v1,20
84,16,libero_spatial,18,4,demo_4,667,pick up the alphabet soup and place it on the plate in the left region,/root/smolvla-libero-compositional-generalization/data/demos/libero36_task18_5_success_pilot_v1/task_018_layout_1_5_success.hdf5,data/training/libero36_feasible_v1/splits/all_32_tasks_5episodes_v1.csv,local/libero36_feasible_32_frozen_v1,20
85,17,libero_spatial,19,0,demo_0,582,pick up the alphabet soup and place it on the plate in the middle region,/root/smolvla-libero-compositional-generalization/data/demos/libero36_task19_5_success_pilot_v1/task_019_layout_1_5_success.hdf5,data/training/libero36_feasible_v1/splits/all_32_tasks_5episodes_v1.csv,local/libero36_feasible_32_frozen_v1,20
86,17,libero_spatial,19,1,demo_1,582,pick up the alphabet soup and place it on the plate in the middle region,/root/smolvla-libero-compositional-generalization/data/demos/libero36_task19_5_success_pilot_v1/task_019_layout_1_5_success.hdf5,data/training/libero36_feasible_v1/splits/all_32_tasks_5episodes_v1.csv,local/libero36_feasible_32_frozen_v1,20
87,17,libero_spatial,19,2,demo_2,582,pick up the alphabet soup and place it on the plate in the middle region,/root/smolvla-libero-compositional-generalization/data/demos/libero36_task19_5_success_pilot_v1/task_019_layout_1_5_success.hdf5,data/training/libero36_feasible_v1/splits/all_32_tasks_5episodes_v1.csv,local/libero36_feasible_32_frozen_v1,20
88,17,libero_spatial,19,3,demo_3,582,pick up the alphabet soup and place it on the plate in the middle region,/root/smolvla-libero-compositional-generalization/data/demos/libero36_task19_5_success_pilot_v1/task_019_layout_1_5_success.hdf5,data/training/libero36_feasible_v1/splits/all_32_tasks_5episodes_v1.csv,local/libero36_feasible_32_frozen_v1,20
89,17,libero_spatial,19,4,demo_4,582,pick up the alphabet soup and place it on the plate in the middle region,/root/smolvla-libero-compositional-generalization/data/demos/libero36_task19_5_success_pilot_v1/task_019_layout_1_5_success.hdf5,data/training/libero36_feasible_v1/splits/all_32_tasks_5episodes_v1.csv,local/libero36_feasible_32_frozen_v1,20
90,18,libero_spatial,20,0,demo_0,589,pick up the alphabet soup and place it on the plate in the right region,/root/smolvla-libero-compositional-generalization/data/demos/libero36_task20_5_success_pilot_v1/task_020_layout_1_5_success.hdf5,data/training/libero36_feasible_v1/splits/all_32_tasks_5episodes_v1.csv,local/libero36_feasible_32_frozen_v1,20
91,18,libero_spatial,20,1,demo_1,589,pick up the alphabet soup and place it on the plate in the right region,/root/smolvla-libero-compositional-generalization/data/demos/libero36_task20_5_success_pilot_v1/task_020_layout_1_5_success.hdf5,data/training/libero36_feasible_v1/splits/all_32_tasks_5episodes_v1.csv,local/libero36_feasible_32_frozen_v1,20
92,18,libero_spatial,20,2,demo_2,589,pick up the alphabet soup and place it on the plate in the right region,/root/smolvla-libero-compositional-generalization/data/demos/libero36_task20_5_success_pilot_v1/task_020_layout_1_5_success.hdf5,data/training/libero36_feasible_v1/splits/all_32_tasks_5episodes_v1.csv,local/libero36_feasible_32_frozen_v1,20
93,18,libero_spatial,20,3,demo_3,589,pick up the alphabet soup and place it on the plate in the right region,/root/smolvla-libero-compositional-generalization/data/demos/libero36_task20_5_success_pilot_v1/task_020_layout_1_5_success.hdf5,data/training/libero36_feasible_v1/splits/all_32_tasks_5episodes_v1.csv,local/libero36_feasible_32_frozen_v1,20
94,18,libero_spatial,20,4,demo_4,589,pick up the alphabet soup and place it on the plate in the right region,/root/smolvla-libero-compositional-generalization/data/demos/libero36_task20_5_success_pilot_v1/task_020_layout_1_5_success.hdf5,data/training/libero36_feasible_v1/splits/all_32_tasks_5episodes_v1.csv,local/libero36_feasible_32_frozen_v1,20
95,19,libero_spatial,21,0,demo_0,679,pick up the alphabet soup and place it inside the basket in the left region,/root/smolvla-libero-compositional-generalization/data/demos/libero36_task21_5_success_pilot_v1/task_021_layout_1_5_success.hdf5,data/training/libero36_feasible_v1/splits/all_32_tasks_5episodes_v1.csv,local/libero36_feasible_32_frozen_v1,20
96,19,libero_spatial,21,1,demo_1,679,pick up the alphabet soup and place it inside the basket in the left region,/root/smolvla-libero-compositional-generalization/data/demos/libero36_task21_5_success_pilot_v1/task_021_layout_1_5_success.hdf5,data/training/libero36_feasible_v1/splits/all_32_tasks_5episodes_v1.csv,local/libero36_feasible_32_frozen_v1,20
97,19,libero_spatial,21,2,demo_2,679,pick up the alphabet soup and place it inside the basket in the left region,/root/smolvla-libero-compositional-generalization/data/demos/libero36_task21_5_success_pilot_v1/task_021_layout_1_5_success.hdf5,data/training/libero36_feasible_v1/splits/all_32_tasks_5episodes_v1.csv,local/libero36_feasible_32_frozen_v1,20
98,19,libero_spatial,21,3,demo_3,679,pick up the alphabet soup and place it inside the basket in the left region,/root/smolvla-libero-compositional-generalization/data/demos/libero36_task21_5_success_pilot_v1/task_021_layout_1_5_success.hdf5,data/training/libero36_feasible_v1/splits/all_32_tasks_5episodes_v1.csv,local/libero36_feasible_32_frozen_v1,20
99,19,libero_spatial,21,4,demo_4,679,pick up the alphabet soup and place it inside the basket in the left region,/root/smolvla-libero-compositional-generalization/data/demos/libero36_task21_5_success_pilot_v1/task_021_layout_1_5_success.hdf5,data/training/libero36_feasible_v1/splits/all_32_tasks_5episodes_v1.csv,local/libero36_feasible_32_frozen_v1,20
100,20,libero_spatial,22,0,demo_0,572,pick up the alphabet soup and place it inside the basket in the middle region,/root/smolvla-libero-compositional-generalization/data/demos/libero36_task22_5_success_pilot_v1/task_022_layout_1_5_success.hdf5,data/training/libero36_feasible_v1/splits/all_32_tasks_5episodes_v1.csv,local/libero36_feasible_32_frozen_v1,20
101,20,libero_spatial,22,1,demo_1,572,pick up the alphabet soup and place it inside the basket in the middle region,/root/smolvla-libero-compositional-generalization/data/demos/libero36_task22_5_success_pilot_v1/task_022_layout_1_5_success.hdf5,data/training/libero36_feasible_v1/splits/all_32_tasks_5episodes_v1.csv,local/libero36_feasible_32_frozen_v1,20
102,20,libero_spatial,22,2,demo_2,572,pick up the alphabet soup and place it inside the basket in the middle region,/root/smolvla-libero-compositional-generalization/data/demos/libero36_task22_5_success_pilot_v1/task_022_layout_1_5_success.hdf5,data/training/libero36_feasible_v1/splits/all_32_tasks_5episodes_v1.csv,local/libero36_feasible_32_frozen_v1,20
103,20,libero_spatial,22,3,demo_3,572,pick up the alphabet soup and place it inside the basket in the middle region,/root/smolvla-libero-compositional-generalization/data/demos/libero36_task22_5_success_pilot_v1/task_022_layout_1_5_success.hdf5,data/training/libero36_feasible_v1/splits/all_32_tasks_5episodes_v1.csv,local/libero36_feasible_32_frozen_v1,20
104,20,libero_spatial,22,4,demo_4,572,pick up the alphabet soup and place it inside the basket in the middle region,/root/smolvla-libero-compositional-generalization/data/demos/libero36_task22_5_success_pilot_v1/task_022_layout_1_5_success.hdf5,data/training/libero36_feasible_v1/splits/all_32_tasks_5episodes_v1.csv,local/libero36_feasible_32_frozen_v1,20
105,21,libero_spatial,23,0,demo_0,783,pick up the alphabet soup and place it inside the basket in the right region,/root/smolvla-libero-compositional-generalization/data/demos/libero36_task23_5_success_pilot_v1/task_023_layout_1_5_success.hdf5,data/training/libero36_feasible_v1/splits/all_32_tasks_5episodes_v1.csv,local/libero36_feasible_32_frozen_v1,20
106,21,libero_spatial,23,1,demo_1,783,pick up the alphabet soup and place it inside the basket in the right region,/root/smolvla-libero-compositional-generalization/data/demos/libero36_task23_5_success_pilot_v1/task_023_layout_1_5_success.hdf5,data/training/libero36_feasible_v1/splits/all_32_tasks_5episodes_v1.csv,local/libero36_feasible_32_frozen_v1,20
107,21,libero_spatial,23,2,demo_2,783,pick up the alphabet soup and place it inside the basket in the right region,/root/smolvla-libero-compositional-generalization/data/demos/libero36_task23_5_success_pilot_v1/task_023_layout_1_5_success.hdf5,data/training/libero36_feasible_v1/splits/all_32_tasks_5episodes_v1.csv,local/libero36_feasible_32_frozen_v1,20
108,21,libero_spatial,23,3,demo_3,783,pick up the alphabet soup and place it inside the basket in the right region,/root/smolvla-libero-compositional-generalization/data/demos/libero36_task23_5_success_pilot_v1/task_023_layout_1_5_success.hdf5,data/training/libero36_feasible_v1/splits/all_32_tasks_5episodes_v1.csv,local/libero36_feasible_32_frozen_v1,20
109,21,libero_spatial,23,4,demo_4,783,pick up the alphabet soup and place it inside the basket in the right region,/root/smolvla-libero-compositional-generalization/data/demos/libero36_task23_5_success_pilot_v1/task_023_layout_1_5_success.hdf5,data/training/libero36_feasible_v1/splits/all_32_tasks_5episodes_v1.csv,local/libero36_feasible_32_frozen_v1,20
110,22,libero_spatial,24,0,demo_0,980,push the alphabet soup into the left target region,/root/smolvla-libero-compositional-generalization/data/demos/libero36_task24_5_success_pilot_v1/task_024_layout_1_5_success.hdf5,data/training/libero36_feasible_v1/splits/all_32_tasks_5episodes_v1.csv,local/libero36_feasible_32_frozen_v1,20
111,22,libero_spatial,24,1,demo_1,980,push the alphabet soup into the left target region,/root/smolvla-libero-compositional-generalization/data/demos/libero36_task24_5_success_pilot_v1/task_024_layout_1_5_success.hdf5,data/training/libero36_feasible_v1/splits/all_32_tasks_5episodes_v1.csv,local/libero36_feasible_32_frozen_v1,20
112,22,libero_spatial,24,2,demo_2,980,push the alphabet soup into the left target region,/root/smolvla-libero-compositional-generalization/data/demos/libero36_task24_5_success_pilot_v1/task_024_layout_1_5_success.hdf5,data/training/libero36_feasible_v1/splits/all_32_tasks_5episodes_v1.csv,local/libero36_feasible_32_frozen_v1,20
113,22,libero_spatial,24,3,demo_3,980,push the alphabet soup into the left target region,/root/smolvla-libero-compositional-generalization/data/demos/libero36_task24_5_success_pilot_v1/task_024_layout_1_5_success.hdf5,data/training/libero36_feasible_v1/splits/all_32_tasks_5episodes_v1.csv,local/libero36_feasible_32_frozen_v1,20
114,22,libero_spatial,24,4,demo_4,980,push the alphabet soup into the left target region,/root/smolvla-libero-compositional-generalization/data/demos/libero36_task24_5_success_pilot_v1/task_024_layout_1_5_success.hdf5,data/training/libero36_feasible_v1/splits/all_32_tasks_5episodes_v1.csv,local/libero36_feasible_32_frozen_v1,20
115,23,libero_spatial,25,0,demo_0,939,push the alphabet soup into the middle target region,/root/smolvla-libero-compositional-generalization/data/demos/libero36_task25_5_success_pilot_v1/task_025_layout_1_5_success.hdf5,data/training/libero36_feasible_v1/splits/all_32_tasks_5episodes_v1.csv,local/libero36_feasible_32_frozen_v1,20
116,23,libero_spatial,25,1,demo_1,939,push the alphabet soup into the middle target region,/root/smolvla-libero-compositional-generalization/data/demos/libero36_task25_5_success_pilot_v1/task_025_layout_1_5_success.hdf5,data/training/libero36_feasible_v1/splits/all_32_tasks_5episodes_v1.csv,local/libero36_feasible_32_frozen_v1,20
117,23,libero_spatial,25,2,demo_2,939,push the alphabet soup into the middle target region,/root/smolvla-libero-compositional-generalization/data/demos/libero36_task25_5_success_pilot_v1/task_025_layout_1_5_success.hdf5,data/training/libero36_feasible_v1/splits/all_32_tasks_5episodes_v1.csv,local/libero36_feasible_32_frozen_v1,20
118,23,libero_spatial,25,3,demo_3,939,push the alphabet soup into the middle target region,/root/smolvla-libero-compositional-generalization/data/demos/libero36_task25_5_success_pilot_v1/task_025_layout_1_5_success.hdf5,data/training/libero36_feasible_v1/splits/all_32_tasks_5episodes_v1.csv,local/libero36_feasible_32_frozen_v1,20
119,23,libero_spatial,25,4,demo_4,939,push the alphabet soup into the middle target region,/root/smolvla-libero-compositional-generalization/data/demos/libero36_task25_5_success_pilot_v1/task_025_layout_1_5_success.hdf5,data/training/libero36_feasible_v1/splits/all_32_tasks_5episodes_v1.csv,local/libero36_feasible_32_frozen_v1,20
120,24,libero_spatial,26,0,demo_0,461,push the alphabet soup into the right target region,/root/smolvla-libero-compositional-generalization/data/demos/libero36_task26_5_success_pilot_v1/task_026_layout_1_5_success.hdf5,data/training/libero36_feasible_v1/splits/all_32_tasks_5episodes_v1.csv,local/libero36_feasible_32_frozen_v1,20
121,24,libero_spatial,26,1,demo_1,461,push the alphabet soup into the right target region,/root/smolvla-libero-compositional-generalization/data/demos/libero36_task26_5_success_pilot_v1/task_026_layout_1_5_success.hdf5,data/training/libero36_feasible_v1/splits/all_32_tasks_5episodes_v1.csv,local/libero36_feasible_32_frozen_v1,20
122,24,libero_spatial,26,2,demo_2,461,push the alphabet soup into the right target region,/root/smolvla-libero-compositional-generalization/data/demos/libero36_task26_5_success_pilot_v1/task_026_layout_1_5_success.hdf5,data/training/libero36_feasible_v1/splits/all_32_tasks_5episodes_v1.csv,local/libero36_feasible_32_frozen_v1,20
123,24,libero_spatial,26,3,demo_3,461,push the alphabet soup into the right target region,/root/smolvla-libero-compositional-generalization/data/demos/libero36_task26_5_success_pilot_v1/task_026_layout_1_5_success.hdf5,data/training/libero36_feasible_v1/splits/all_32_tasks_5episodes_v1.csv,local/libero36_feasible_32_frozen_v1,20
124,24,libero_spatial,26,4,demo_4,461,push the alphabet soup into the right target region,/root/smolvla-libero-compositional-generalization/data/demos/libero36_task26_5_success_pilot_v1/task_026_layout_1_5_success.hdf5,data/training/libero36_feasible_v1/splits/all_32_tasks_5episodes_v1.csv,local/libero36_feasible_32_frozen_v1,20
125,25,libero_spatial,27,0,demo_0,557,pick up the cream cheese box and place it on the plate in the left region,/root/smolvla-libero-compositional-generalization/data/demos/libero36_task27_5_success_pilot_v1/task_027_layout_1_5_success.hdf5,data/training/libero36_feasible_v1/splits/all_32_tasks_5episodes_v1.csv,local/libero36_feasible_32_frozen_v1,20
126,25,libero_spatial,27,1,demo_1,557,pick up the cream cheese box and place it on the plate in the left region,/root/smolvla-libero-compositional-generalization/data/demos/libero36_task27_5_success_pilot_v1/task_027_layout_1_5_success.hdf5,data/training/libero36_feasible_v1/splits/all_32_tasks_5episodes_v1.csv,local/libero36_feasible_32_frozen_v1,20
127,25,libero_spatial,27,2,demo_2,557,pick up the cream cheese box and place it on the plate in the left region,/root/smolvla-libero-compositional-generalization/data/demos/libero36_task27_5_success_pilot_v1/task_027_layout_1_5_success.hdf5,data/training/libero36_feasible_v1/splits/all_32_tasks_5episodes_v1.csv,local/libero36_feasible_32_frozen_v1,20
128,25,libero_spatial,27,3,demo_3,557,pick up the cream cheese box and place it on the plate in the left region,/root/smolvla-libero-compositional-generalization/data/demos/libero36_task27_5_success_pilot_v1/task_027_layout_1_5_success.hdf5,data/training/libero36_feasible_v1/splits/all_32_tasks_5episodes_v1.csv,local/libero36_feasible_32_frozen_v1,20
129,25,libero_spatial,27,4,demo_4,557,pick up the cream cheese box and place it on the plate in the left region,/root/smolvla-libero-compositional-generalization/data/demos/libero36_task27_5_success_pilot_v1/task_027_layout_1_5_success.hdf5,data/training/libero36_feasible_v1/splits/all_32_tasks_5episodes_v1.csv,local/libero36_feasible_32_frozen_v1,20
130,26,libero_spatial,28,0,demo_0,576,pick up the cream cheese box and place it on the plate in the middle region,/root/smolvla-libero-compositional-generalization/data/demos/libero36_task28_5_success_pilot_v1/task_028_layout_1_5_success.hdf5,data/training/libero36_feasible_v1/splits/all_32_tasks_5episodes_v1.csv,local/libero36_feasible_32_frozen_v1,20
131,26,libero_spatial,28,1,demo_1,576,pick up the cream cheese box and place it on the plate in the middle region,/root/smolvla-libero-compositional-generalization/data/demos/libero36_task28_5_success_pilot_v1/task_028_layout_1_5_success.hdf5,data/training/libero36_feasible_v1/splits/all_32_tasks_5episodes_v1.csv,local/libero36_feasible_32_frozen_v1,20
132,26,libero_spatial,28,2,demo_2,576,pick up the cream cheese box and place it on the plate in the middle region,/root/smolvla-libero-compositional-generalization/data/demos/libero36_task28_5_success_pilot_v1/task_028_layout_1_5_success.hdf5,data/training/libero36_feasible_v1/splits/all_32_tasks_5episodes_v1.csv,local/libero36_feasible_32_frozen_v1,20
133,26,libero_spatial,28,3,demo_3,576,pick up the cream cheese box and place it on the plate in the middle region,/root/smolvla-libero-compositional-generalization/data/demos/libero36_task28_5_success_pilot_v1/task_028_layout_1_5_success.hdf5,data/training/libero36_feasible_v1/splits/all_32_tasks_5episodes_v1.csv,local/libero36_feasible_32_frozen_v1,20
134,26,libero_spatial,28,4,demo_4,576,pick up the cream cheese box and place it on the plate in the middle region,/root/smolvla-libero-compositional-generalization/data/demos/libero36_task28_5_success_pilot_v1/task_028_layout_1_5_success.hdf5,data/training/libero36_feasible_v1/splits/all_32_tasks_5episodes_v1.csv,local/libero36_feasible_32_frozen_v1,20
135,27,libero_spatial,29,0,demo_0,675,pick up the cream cheese box and place it on the plate in the right region,/root/smolvla-libero-compositional-generalization/data/demos/libero36_task29_5_success_pilot_v1/task_029_layout_1_5_success.hdf5,data/training/libero36_feasible_v1/splits/all_32_tasks_5episodes_v1.csv,local/libero36_feasible_32_frozen_v1,20
136,27,libero_spatial,29,1,demo_1,675,pick up the cream cheese box and place it on the plate in the right region,/root/smolvla-libero-compositional-generalization/data/demos/libero36_task29_5_success_pilot_v1/task_029_layout_1_5_success.hdf5,data/training/libero36_feasible_v1/splits/all_32_tasks_5episodes_v1.csv,local/libero36_feasible_32_frozen_v1,20
137,27,libero_spatial,29,2,demo_2,675,pick up the cream cheese box and place it on the plate in the right region,/root/smolvla-libero-compositional-generalization/data/demos/libero36_task29_5_success_pilot_v1/task_029_layout_1_5_success.hdf5,data/training/libero36_feasible_v1/splits/all_32_tasks_5episodes_v1.csv,local/libero36_feasible_32_frozen_v1,20
138,27,libero_spatial,29,3,demo_3,675,pick up the cream cheese box and place it on the plate in the right region,/root/smolvla-libero-compositional-generalization/data/demos/libero36_task29_5_success_pilot_v1/task_029_layout_1_5_success.hdf5,data/training/libero36_feasible_v1/splits/all_32_tasks_5episodes_v1.csv,local/libero36_feasible_32_frozen_v1,20
139,27,libero_spatial,29,4,demo_4,675,pick up the cream cheese box and place it on the plate in the right region,/root/smolvla-libero-compositional-generalization/data/demos/libero36_task29_5_success_pilot_v1/task_029_layout_1_5_success.hdf5,data/training/libero36_feasible_v1/splits/all_32_tasks_5episodes_v1.csv,local/libero36_feasible_32_frozen_v1,20
140,28,libero_spatial,30,0,demo_0,829,pick up the cream cheese box and place it inside the basket in the left region,/root/smolvla-libero-compositional-generalization/data/demos/libero36_task30_5_success_pilot_v1/task_030_layout_1_5_success.hdf5,data/training/libero36_feasible_v1/splits/all_32_tasks_5episodes_v1.csv,local/libero36_feasible_32_frozen_v1,20
141,28,libero_spatial,30,1,demo_1,829,pick up the cream cheese box and place it inside the basket in the left region,/root/smolvla-libero-compositional-generalization/data/demos/libero36_task30_5_success_pilot_v1/task_030_layout_1_5_success.hdf5,data/training/libero36_feasible_v1/splits/all_32_tasks_5episodes_v1.csv,local/libero36_feasible_32_frozen_v1,20
142,28,libero_spatial,30,2,demo_2,829,pick up the cream cheese box and place it inside the basket in the left region,/root/smolvla-libero-compositional-generalization/data/demos/libero36_task30_5_success_pilot_v1/task_030_layout_1_5_success.hdf5,data/training/libero36_feasible_v1/splits/all_32_tasks_5episodes_v1.csv,local/libero36_feasible_32_frozen_v1,20
143,28,libero_spatial,30,3,demo_3,829,pick up the cream cheese box and place it inside the basket in the left region,/root/smolvla-libero-compositional-generalization/data/demos/libero36_task30_5_success_pilot_v1/task_030_layout_1_5_success.hdf5,data/training/libero36_feasible_v1/splits/all_32_tasks_5episodes_v1.csv,local/libero36_feasible_32_frozen_v1,20
144,28,libero_spatial,30,4,demo_4,829,pick up the cream cheese box and place it inside the basket in the left region,/root/smolvla-libero-compositional-generalization/data/demos/libero36_task30_5_success_pilot_v1/task_030_layout_1_5_success.hdf5,data/training/libero36_feasible_v1/splits/all_32_tasks_5episodes_v1.csv,local/libero36_feasible_32_frozen_v1,20
145,29,libero_spatial,31,0,demo_0,595,pick up the cream cheese box and place it inside the basket in the middle region,/root/smolvla-libero-compositional-generalization/data/demos/libero36_task31_5_success_pilot_v1/task_031_layout_1_5_success.hdf5,data/training/libero36_feasible_v1/splits/all_32_tasks_5episodes_v1.csv,local/libero36_feasible_32_frozen_v1,20
146,29,libero_spatial,31,1,demo_1,595,pick up the cream cheese box and place it inside the basket in the middle region,/root/smolvla-libero-compositional-generalization/data/demos/libero36_task31_5_success_pilot_v1/task_031_layout_1_5_success.hdf5,data/training/libero36_feasible_v1/splits/all_32_tasks_5episodes_v1.csv,local/libero36_feasible_32_frozen_v1,20
147,29,libero_spatial,31,2,demo_2,595,pick up the cream cheese box and place it inside the basket in the middle region,/root/smolvla-libero-compositional-generalization/data/demos/libero36_task31_5_success_pilot_v1/task_031_layout_1_5_success.hdf5,data/training/libero36_feasible_v1/splits/all_32_tasks_5episodes_v1.csv,local/libero36_feasible_32_frozen_v1,20
148,29,libero_spatial,31,3,demo_3,595,pick up the cream cheese box and place it inside the basket in the middle region,/root/smolvla-libero-compositional-generalization/data/demos/libero36_task31_5_success_pilot_v1/task_031_layout_1_5_success.hdf5,data/training/libero36_feasible_v1/splits/all_32_tasks_5episodes_v1.csv,local/libero36_feasible_32_frozen_v1,20
149,29,libero_spatial,31,4,demo_4,595,pick up the cream cheese box and place it inside the basket in the middle region,/root/smolvla-libero-compositional-generalization/data/demos/libero36_task31_5_success_pilot_v1/task_031_layout_1_5_success.hdf5,data/training/libero36_feasible_v1/splits/all_32_tasks_5episodes_v1.csv,local/libero36_feasible_32_frozen_v1,20
150,30,libero_spatial,32,0,demo_0,928,pick up the cream cheese box and place it inside the basket in the right region,/root/smolvla-libero-compositional-generalization/data/demos/libero36_task32_5_success_pilot_v1/task_032_layout_1_5_success.hdf5,data/training/libero36_feasible_v1/splits/all_32_tasks_5episodes_v1.csv,local/libero36_feasible_32_frozen_v1,20
151,30,libero_spatial,32,1,demo_1,928,pick up the cream cheese box and place it inside the basket in the right region,/root/smolvla-libero-compositional-generalization/data/demos/libero36_task32_5_success_pilot_v1/task_032_layout_1_5_success.hdf5,data/training/libero36_feasible_v1/splits/all_32_tasks_5episodes_v1.csv,local/libero36_feasible_32_frozen_v1,20
152,30,libero_spatial,32,2,demo_2,928,pick up the cream cheese box and place it inside the basket in the right region,/root/smolvla-libero-compositional-generalization/data/demos/libero36_task32_5_success_pilot_v1/task_032_layout_1_5_success.hdf5,data/training/libero36_feasible_v1/splits/all_32_tasks_5episodes_v1.csv,local/libero36_feasible_32_frozen_v1,20
153,30,libero_spatial,32,3,demo_3,928,pick up the cream cheese box and place it inside the basket in the right region,/root/smolvla-libero-compositional-generalization/data/demos/libero36_task32_5_success_pilot_v1/task_032_layout_1_5_success.hdf5,data/training/libero36_feasible_v1/splits/all_32_tasks_5episodes_v1.csv,local/libero36_feasible_32_frozen_v1,20
154,30,libero_spatial,32,4,demo_4,928,pick up the cream cheese box and place it inside the basket in the right region,/root/smolvla-libero-compositional-generalization/data/demos/libero36_task32_5_success_pilot_v1/task_032_layout_1_5_success.hdf5,data/training/libero36_feasible_v1/splits/all_32_tasks_5episodes_v1.csv,local/libero36_feasible_32_frozen_v1,20
155,31,libero_spatial,34,0,demo_0,256,push the cream cheese box into the middle target region,/root/smolvla-libero-compositional-generalization/data/demos/libero36_task34_5_success_pilot_v1/task_034_layout_1_5_success.hdf5,data/training/libero36_feasible_v1/splits/all_32_tasks_5episodes_v1.csv,local/libero36_feasible_32_frozen_v1,20
156,31,libero_spatial,34,1,demo_1,256,push the cream cheese box into the middle target region,/root/smolvla-libero-compositional-generalization/data/demos/libero36_task34_5_success_pilot_v1/task_034_layout_1_5_success.hdf5,data/training/libero36_feasible_v1/splits/all_32_tasks_5episodes_v1.csv,local/libero36_feasible_32_frozen_v1,20
157,31,libero_spatial,34,2,demo_2,256,push the cream cheese box into the middle target region,/root/smolvla-libero-compositional-generalization/data/demos/libero36_task34_5_success_pilot_v1/task_034_layout_1_5_success.hdf5,data/training/libero36_feasible_v1/splits/all_32_tasks_5episodes_v1.csv,local/libero36_feasible_32_frozen_v1,20
158,31,libero_spatial,34,3,demo_3,256,push the cream cheese box into the middle target region,/root/smolvla-libero-compositional-generalization/data/demos/libero36_task34_5_success_pilot_v1/task_034_layout_1_5_success.hdf5,data/training/libero36_feasible_v1/splits/all_32_tasks_5episodes_v1.csv,local/libero36_feasible_32_frozen_v1,20
159,31,libero_spatial,34,4,demo_4,256,push the cream cheese box into the middle target region,/root/smolvla-libero-compositional-generalization/data/demos/libero36_task34_5_success_pilot_v1/task_034_layout_1_5_success.hdf5,data/training/libero36_feasible_v1/splits/all_32_tasks_5episodes_v1.csv,local/libero36_feasible_32_frozen_v1,20
